Crop Production Statistics,,,,,
,,,,,
State/Crop/District,Year,Season,Area (Hectare),Production (Tonnes),Yield (Tonnes/Hectare)
Karnataka,,,,,
Arecanut,,,,,
 1.BELLARY, 1997-98,Whole Year ,64,92,1.4375
, 1998-99,Whole Year ,6,40,6.66666666666667
, 2000-01,Whole Year ,19,27,1.42105263157895
, 2001-02,Whole Year ,26,37,1.42307692307692
, 2003-04,Whole Year ,30,43,1.43333333333333
, 2004-05,Whole Year ,32,46,1.4375
, 2005-06,Whole Year ,58,389,6.70689655172414
, 2006-07,Whole Year ,62,89,1.43548387096774
, 2007-08,Whole Year ,62,416,6.70967741935484
, 2008-09,Whole Year ,62,416,6.70967741935484
, 2009-10,Whole Year ,74,496,6.7027027027027
, 2010-11,Whole Year ,103,1114,10.8155339805825
, 2011-12,Whole Year ,108,875,8.10185185185185
, 2012-13,Whole Year ,132,1059,8.02272727272727
, 2013-14,Whole Year ,10,111,11.1
, 2014-15,Whole Year ,1,9,9
, 2016-17,Whole Year ,11,112,10.1818181818182
, 2017-18,Whole Year ,14,152,10.8571428571429
, 2018-19,Whole Year ,1558,13911,8.92875481386393
Total - Arecanut,,,2432,19434,7.99095394736842
Arhar/Tur,,,,,
 1.BELLARY, 1997-98,Kharif     ,10477,3324,0.317266393051446
, 1998-99,Kharif     ,7563,2234,0.295385429062541
, 1999-00,Kharif     ,8551,3396,0.39714653256929
, 2000-01,Kharif     ,9645,3958,0.410368066355625
, 2001-02,Kharif     ,5944,2451,0.412348586810229
, 2002-03,Kharif     ,7906,2704,0.342018719959524
, 2003-04,Kharif     ,5526,1774,0.321027868259139
, 2004-05,Kharif     ,8889,4982,0.560467994150073
, 2005-06,Kharif     ,10655,5628,0.528202721726889
, 2006-07,Kharif     ,9353,4363,0.466481342884636
, 2007-08,Kharif     ,9917,5398,0.544317838055864
, 2008-09,Kharif     ,9640,4854,0.503526970954357
, 2009-10,Kharif     ,8938,3303,0.36954575967778
, 2010-11,Kharif     ,10544,4367,0.414169195751138
, 2011-12,Kharif     ,9066,2989,0.329693359805868
, 2012-13,Kharif     ,5127,1802,0.351472596060074
, 2013-14,Kharif     ,3325,1614,0.485413533834586
, 2014-15,Kharif     ,3427,1319,0.384884738838634
, 2015-16,Kharif     ,2931,1041,0.355168884339816
, 2016-17,Kharif     ,11946,7036,0.588983760254479
, 2017-18,Kharif     ,9363,7694,0.821745167147282
, 2018-19,Kharif     ,13708,9168,0.668806536329151
Total - Arhar/Tur,,,182441,85399,0.4680910540942
Bajra,,,,,
 1.BELLARY, 1997-98,Kharif     ,14047,7221,0.514059941624546
,,Summer     ,820,662,0.807317073170732
,,Total,14867,7883,0.530234748099818
, 1998-99,Kharif     ,25918,24114,0.930395863878386
,,Rabi       ,451,536,1.18847006651885
,,Summer     ,846,498,0.588652482269503
,,Total,27215,25148,0.92404923755282
, 1999-00,Kharif     ,21565,13334,0.618316716902388
, 2000-01,Kharif     ,25729,21054,0.818298418127405
,,Rabi       ,160,129,0.80625
,,Summer     ,905,989,1.09281767955801
,,Total,26794,22172,0.827498693737404
, 2001-02,Kharif     ,16332,12464,0.763164339946118
,,Rabi       ,207,105,0.507246376811594
,,Summer     ,850,929,1.09294117647059
,,Total,17389,13498,0.776237851515326
, 2002-03,Kharif     ,13560,6488,0.478466076696165
,,Rabi       ,271,215,0.793357933579336
,,Summer     ,377,322,0.854111405835544
,,Total,14208,7025,0.494439752252252
, 2003-04,Kharif     ,25949,17480,0.673629041581564
,,Rabi       ,117,105,0.897435897435897
,,Summer     ,277,250,0.902527075812274
,,Total,26343,17835,0.677029951030634
, 2004-05,Kharif     ,17021,12115,0.711767816227014
,,Rabi       ,222,200,0.900900900900901
,,Summer     ,1327,1072,0.80783722682743
,,Total,18570,13387,0.720893914916532
, 2005-06,Kharif     ,20594,16424,0.797513838982228
,,Rabi       ,78,104,1.33333333333333
,,Summer     ,913,1084,1.18729463307777
,,Total,21585,17612,0.815936993282372
, 2006-07,Kharif     ,15831,7505,0.474069862927168
,,Rabi       ,25,28,1.12
,,Summer     ,1166,1385,1.18782161234991
,,Total,17022,8918,0.523910233815063
, 2007-08,Kharif     ,15855,13500,0.851466414380322
,,Rabi       ,435,504,1.15862068965517
,,Summer     ,1574,1570,0.997458703939009
,,Total,17864,15574,0.871809225257501
, 2008-09,Kharif     ,12052,7336,0.608695652173913
,,Rabi       ,354,331,0.935028248587571
,,Summer     ,994,1180,1.18712273641851
,,Total,13400,8847,0.660223880597015
, 2009-10,Kharif     ,13586,8249,0.607169144707787
,,Rabi       ,116,132,1.13793103448276
,,Summer     ,381,428,1.12335958005249
,,Total,14083,8809,0.625505929134417
, 2010-11,Kharif     ,13457,11295,0.839340120383443
,,Rabi       ,84,86,1.02380952380952
,,Summer     ,358,395,1.10335195530726
,,Total,13899,11776,0.847255198215699
, 2011-12,Kharif     ,14124,9253,0.655126026621354
,,Rabi       ,522,680,1.30268199233716
,,Summer     ,1702,1937,1.13807285546416
,,Total,16348,11870,0.726082701247859
, 2012-13,Kharif     ,20897,16954,0.811312628606977
, 2013-14,Kharif     ,17017,17201,1.01081271669507
, 2014-15,Kharif     ,15570,16700,1.07257546563905
, 2015-16,Kharif     ,13136,12067,0.918620584652862
,,Summer     ,1022,1290,1.26223091976517
,,Total,14158,13357,0.943424212459387
, 2016-17,Kharif     ,15771,19837,1.25781497685626
,,Summer     ,274,339,1.23722627737226
,,Total,16045,20176,1.25746338423185
, 2017-18,Kharif     ,24180,44587,1.84396195202647
,,Summer     ,290,362,1.24827586206897
,,Total,24470,44949,1.83690232938292
, 2018-19,Kharif     ,15137,17256,1.13998810860805
,,Summer     ,395,493,1.24810126582278
,,Total,15532,17749,1.14273757404069
Total - Bajra,,,404841,350774,0.866448803357367
Banana,,,,,
 1.BELLARY, 1999-00,Whole Year ,1756,48344,27.5307517084282
, 2000-01,Whole Year ,1780,33816,18.9977528089888
, 2002-03,Whole Year ,2087,51609,24.7287973167226
, 2003-04,Whole Year ,2483,47400,19.0898107128474
, 2004-05,Whole Year ,3255,89106,27.3751152073733
, 2005-06,Whole Year ,14,607,43.3571428571429
, 2006-07,Whole Year ,2295,25435,11.082788671024
, 2007-08,Whole Year ,1189,21821,18.3523969722456
, 2008-09,Whole Year ,1539,49871,32.404808317089
, 2009-10,Whole Year ,1532,56569,36.9249347258486
, 2010-11,Whole Year ,1624,62633,38.567118226601
, 2011-12,Whole Year ,1649,67189,40.7453001819284
Total - Banana,,,21203,554400,26.1472433146253
Cashewnut,,,,,
 1.BELLARY, 2014-15,Whole Year ,115,85,0.739130434782609
, 2015-16,Whole Year ,11,7,0.636363636363636
, 2017-18,Whole Year ,12,9,0.75
, 2018-19,Whole Year ,7,8,1.14285714285714
Total - Cashewnut,,,145,109,0.751724137931034
Castor seed,,,,,
 1.BELLARY, 1998-99,Kharif     ,508,433,0.852362204724409
, 1999-00,Kharif     ,610,471,0.772131147540984
, 2000-01,Kharif     ,795,1018,1.28050314465409
, 2001-02,Kharif     ,620,459,0.740322580645161
, 2002-03,Kharif     ,326,301,0.923312883435583
, 2003-04,Kharif     ,166,149,0.897590361445783
, 2004-05,Kharif     ,209,181,0.866028708133971
, 2005-06,Kharif     ,225,234,1.04
, 2006-07,Kharif     ,185,148,0.8
, 2007-08,Kharif     ,184,123,0.668478260869565
, 2008-09,Kharif     ,118,112,0.949152542372881
, 2009-10,Kharif     ,122,79,0.647540983606557
, 2010-11,Kharif     ,145,121,0.83448275862069
, 2011-12,Kharif     ,265,222,0.837735849056604
, 2012-13,Kharif     ,508,317,0.624015748031496
, 2013-14,Kharif     ,486,435,0.895061728395062
, 2014-15,Kharif     ,64,39,0.609375
, 2015-16,Kharif     ,27,14,0.518518518518518
, 2016-17,Kharif     ,162,80,0.493827160493827
, 2017-18,Kharif     ,60,39,0.65
, 2018-19,Kharif     ,75,43,0.573333333333333
Total - Castor seed,,,5860,5018,0.856313993174061
Coconut ,,,,Nuts*,Nuts/Hectare
 1.BELLARY, 1998-99,Whole Year ,1174,5606000,4775.12776831346
, 1999-00,Whole Year ,1173,5601000,4774.93606138107
, 2000-01,Whole Year ,1267,6050000,4775.0591949487
, 2001-02,Whole Year ,1264,6035000,4774.5253164557
, 2002-03,Whole Year ,1565,7473000,4775.07987220447
, 2003-04,Whole Year ,1312,6264000,4774.39024390244
, 2004-05,Whole Year ,1259,6011000,4774.42414614774
, 2005-06,Whole Year ,1140,5443000,4774.56140350877
, 2006-07,Whole Year ,1251,5973000,4774.58033573142
, 2007-08,Whole Year ,1310,6670000,5091.60305343512
, 2008-09,Whole Year ,1080,7399000,6850.92592592593
, 2009-10,Whole Year ,1039,7387000,7109.7208854668
, 2010-11,Whole Year ,1014,9693000,9559.17159763314
, 2011-12,Whole Year ,910,9047000,9941.75824175824
, 2012-13,Whole Year ,702,6912000,9846.15384615385
, 2013-14,Whole Year ,2901,23016000,7933.81592554292
, 2014-15,Whole Year ,555,4953000,8924.32432432432
, 2015-16,Whole Year ,523,4374000,8363.28871892925
, 2016-17,Whole Year ,674,5269000,7817.50741839763
, 2017-18,Whole Year ,579,4578000,7906.73575129534
, 2018-19,Whole Year ,1220,8641000,7082.7868852459
Total - Coconut ,,,23912,152395000,6373.15991970559
Coriander,,,,,
 1.BELLARY, 1997-98,Whole Year ,10736,2168,0.20193740685544
, 1998-99,Whole Year ,11095,2241,0.201982875168995
, 1999-00,Whole Year ,5948,1201,0.20191661062542
, 2000-01,Whole Year ,4148,838,0.202025072324012
, 2001-02,Whole Year ,6420,1297,0.20202492211838
, 2002-03,Whole Year ,2908,587,0.201856946354883
, 2003-04,Whole Year ,3503,707,0.201827005423922
, 2004-05,Whole Year ,4327,874,0.201987520221863
, 2005-06,Whole Year ,3809,769,0.201890259910738
, 2006-07,Whole Year ,2602,525,0.201767870868563
, 2007-08,Whole Year ,3281,1241,0.378238341968912
, 2008-09,Whole Year ,3755,2015,0.536617842876165
, 2009-10,Whole Year ,3354,1551,0.462432915921288
, 2010-11,Whole Year ,2084,677,0.324856046065259
, 2011-12,Whole Year ,597,242,0.40536013400335
, 2012-13,Whole Year ,2831,1118,0.394913458141999
, 2013-14,Whole Year ,838,260,0.310262529832936
, 2014-15,Whole Year ,1241,420,0.338436744560838
, 2015-16,Whole Year ,2093,897,0.428571428571429
, 2016-17,Whole Year ,232,101,0.435344827586207
, 2017-18,Whole Year ,23,8,0.347826086956522
, 2018-19,Whole Year ,315,282,0.895238095238095
Total - Coriander,,,76140,20019,0.262923561859732
Cotton(lint),,,,Bales*,Bales/Hectare
 1.BELLARY, 1998-99,Kharif     ,66412,85696,1.29036921038367
, 1999-00,Kharif     ,55563,55883,1.00575922826341
, 2000-01,Kharif     ,52037,68670,1.31963794992025
, 2001-02,Kharif     ,51505,69414,1.3477138141928
, 2002-03,Kharif     ,35188,38941,1.10665567807207
, 2003-04,Kharif     ,26088,21825,0.836591536338546
, 2004-05,Kharif     ,42373,48777,1.15113397682487
, 2005-06,Whole Year ,26690,35262,1.321168977145
, 2006-07,Whole Year ,19167,28963,1.51108676370846
, 2007-08,Whole Year ,26604,48546,1.82476319350474
, 2008-09,Whole Year ,19627,36344,1.85173485504662
, 2009-10,Whole Year ,25269,47008,1.86030313823262
, 2010-11,Kharif     ,37118,100359,2.70378253138639
,,Rabi       ,7774,20933,2.69269359403139
,,Total,44892,121292,2.70186224717099
, 2011-12,Kharif     ,37717,80774,2.14158071956942
,,Rabi       ,4654,7285,1.56532015470563
,,Total,42371,88059,2.07828467583961
, 2012-13,Kharif     ,62710,171708,2.73812789028863
,,Rabi       ,1869,2026,1.08400214018192
,,Summer     ,922,2555,2.77114967462039
,,Total,65501,176289,2.69139402451871
, 2013-14,Kharif     ,72108,184949,2.56488877794419
,,Rabi       ,1096,2021,1.84397810218978
,,Summer     ,1095,3947,3.60456621004566
,,Total,74299,190917,2.56957697950174
, 2014-15,Kharif     ,78646,242150,3.07898685247819
,,Rabi       ,2687,4369,1.62597692593971
,,Summer     ,1010,1913,1.89405940594059
,,Total,82343,248432,3.01703848536002
, 2015-16,Kharif     ,65890,142491,2.16255881013811
,,Rabi       ,1171,2716,2.31938514090521
,,Summer     ,989,2095,2.11830131445905
,,Total,68050,147302,2.16461425422483
, 2016-17,Kharif     ,48032,133665,2.78283227848101
,,Rabi       ,28,9,0.321428571428571
,,Total,48060,133674,2.78139825218477
, 2017-18,Kharif     ,58997,198794,3.36956116412699
,,Rabi       ,164,124,0.75609756097561
,,Total,59161,198918,3.3623163908656
, 2018-19,Kharif     ,45465,119916,2.63754536456615
,,Rabi       ,155,74,0.47741935483871
,,Total,45620,119990,2.63020604997808
Total - Cotton(lint),,,976820,2010202,2.05790421981532
Cowpea(Lobia),,,,,
 1.BELLARY, 2010-11,Kharif     ,362,187,0.516574585635359
,,Rabi       ,1821,481,0.264140582097748
,,Total,2183,668,0.306000916170408
, 2011-12,Kharif     ,518,274,0.528957528957529
,,Rabi       ,1243,333,0.267900241351569
,,Total,1761,607,0.344690516751846
, 2012-13,Kharif     ,572,156,0.272727272727273
,,Rabi       ,615,205,0.333333333333333
,,Summer     ,772,181,0.234455958549223
,,Total,1959,542,0.276671771311894
, 2013-14,Kharif     ,226,84,0.371681415929204
,,Rabi       ,245,104,0.424489795918367
,,Summer     ,768,482,0.627604166666667
,,Total,1239,670,0.540758676351897
, 2014-15,Kharif     ,284,125,0.440140845070423
,,Rabi       ,929,341,0.367061356297094
,,Summer     ,834,352,0.422062350119904
,,Total,2047,818,0.399609184171959
, 2015-16,Kharif     ,484,200,0.413223140495868
,,Rabi       ,913,405,0.443592552026287
,,Summer     ,2220,742,0.334234234234234
,,Total,3617,1347,0.372408072988665
, 2016-17,Kharif     ,169,129,0.763313609467456
,,Rabi       ,496,12,0.0241935483870968
,,Summer     ,538,148,0.275092936802974
,,Total,1203,289,0.240232751454697
, 2017-18,Kharif     ,391,89,0.227621483375959
,,Rabi       ,491,199,0.405295315682281
,,Summer     ,790,314,0.39746835443038
,,Total,1672,602,0.360047846889952
, 2018-19,Kharif     ,764,289,0.378272251308901
,,Rabi       ,545,153,0.280733944954128
,,Summer     ,896,117,0.130580357142857
,,Total,2205,559,0.253514739229025
Total - Cowpea(Lobia),,,17886,6102,0.341160684334116
Dry chillies,,,,,
 1.BELLARY, 1997-98,Kharif     ,12763,11640,0.912011282613805
,,Rabi       ,198,635,3.20707070707071
,,Total,12961,12275,0.947071985186328
, 1998-99,Whole Year ,11574,25136,2.17176429929152
, 1999-00,Whole Year ,14920,26749,1.79282841823056
, 2000-01,Whole Year ,8678,14402,1.65959898594146
, 2001-02,Whole Year ,16144,15620,0.967542120911794
, 2002-03,Whole Year ,12144,28953,2.38414031620553
, 2003-04,Whole Year ,648,2101,3.24228395061728
, 2004-05,Whole Year ,10673,10299,0.964958306005809
, 2005-06,Kharif     ,9961,15021,1.50798112639293
,,Rabi       ,172,207,1.20348837209302
,,Summer     ,63,166,2.63492063492063
,,Total,10196,15394,1.50980776775206
, 2006-07,Whole Year ,12714,19139,1.50534843479629
, 2007-08,Kharif     ,14153,23489,1.65964813113827
,,Rabi       ,28,49,1.75
,,Summer     ,45,152,3.37777777777778
,,Total,14226,23690,1.66526079010263
, 2008-09,Kharif     ,13202,15013,1.13717618542645
,,Rabi       ,38,64,1.68421052631579
,,Summer     ,34,112,3.29411764705882
,,Total,13274,15189,1.14426698809703
, 2009-10,Rabi       ,19,57,3
,,Summer     ,27,124,4.59259259259259
,,Total,46,181,3.93478260869565
, 2010-11,Kharif     ,10387,11259,1.08395109271204
,,Rabi       ,12,33,2.75
,,Summer     ,52,158,3.03846153846154
,,Total,10451,11450,1.09558893885753
, 2011-12,Kharif     ,11851,14174,1.19601721373724
,,Rabi       ,946,2231,2.35835095137421
,,Summer     ,523,1831,3.50095602294455
,,Total,13320,18236,1.36906906906907
, 2012-13,Kharif     ,11545,12130,1.05067128627111
,,Rabi       ,406,1109,2.73152709359606
,,Summer     ,91,108,1.18681318681319
,,Total,12042,13347,1.10837070254111
, 2013-14,Kharif     ,12197,15457,1.26727883905879
,,Rabi       ,79,150,1.89873417721519
,,Summer     ,351,933,2.65811965811966
,,Total,12627,16540,1.30989150233626
, 2014-15,Kharif     ,11522,14678,1.27391077937858
,,Rabi       ,664,1246,1.87650602409639
,,Summer     ,228,439,1.92543859649123
,,Total,12414,16363,1.3181085870791
, 2015-16,Kharif     ,18763,28591,1.52379683419496
,,Rabi       ,947,1323,1.39704329461457
,,Summer     ,464,850,1.83189655172414
,,Total,20174,30764,1.52493308218499
, 2016-17,Kharif     ,35213,153045,4.34626416380314
,,Rabi       ,57,110,1.92982456140351
,,Summer     ,41,80,1.95121951219512
,,Total,35311,153235,4.3395825663391
, 2017-18,Kharif     ,24212,86002,3.55204031058979
,,Rabi       ,705,1223,1.73475177304965
,,Summer     ,122,232,1.9016393442623
,,Total,25039,87457,3.49283118335397
, 2018-19,Kharif     ,55627,142260,2.55739119492333
Total - Dry chillies,,,335203,698780,2.08464721377792
Garlic,,,,,
 1.BELLARY, 1998-99,Whole Year ,2,5,2.5
, 1999-00,Whole Year ,2,5,2.5
, 2000-01,Whole Year ,2,5,2.5
, 2002-03,Whole Year ,4,11,2.75
, 2003-04,Whole Year ,3,8,2.66666666666667
, 2004-05,Whole Year ,1,3,3
, 2016-17,Whole Year ,2,2,1
, 2018-19,Whole Year ,3,20,6.66666666666667
Total - Garlic,,,19,59,3.10526315789474
Ginger,,,,,
 1.BELLARY, 2001-02,Kharif     ,1,13,13
, 2003-04,Kharif     ,1,13,13
, 2004-05,Kharif     ,1,13,13
, 2005-06,Whole Year ,1,13,13
, 2006-07,Whole Year ,1,13,13
, 2007-08,Whole Year ,1,21,21
, 2008-09,Whole Year ,1,32,32
, 2009-10,Whole Year ,1,31,31
, 2010-11,Whole Year ,1,3.6,3.6
, 2015-16,Whole Year ,1,37,37
, 2017-18,Whole Year ,1,26,26
, 2018-19,Whole Year ,4,61.6,15.4
Total - Ginger,,,15,277.2,18.48
Gram,,,,,
 1.BELLARY, 1998-99,Rabi       ,9325,6070,0.650938337801609
, 1999-00,Rabi       ,5788,3405,0.588286109191431
, 2000-01,Rabi       ,9035,9257,1.0245711123409
, 2001-02,Rabi       ,22324,17477,0.782879412291704
, 2002-03,Rabi       ,20814,12777,0.613865667339291
, 2003-04,Rabi       ,19014,9108,0.479015462290943
, 2004-05,Rabi       ,10510,4448,0.423215984776403
, 2005-06,Rabi       ,15561,11198,0.719619561724825
, 2006-07,Kharif     ,32,4,0.125
,,Rabi       ,37539,17799,0.474146887237273
,,Total,37571,17803,0.473849511591387
, 2007-08,Rabi       ,33878,18833,0.555906487986304
, 2008-09,Rabi       ,38579,25555,0.662407008994531
, 2009-10,Kharif     ,3692,1926,0.521668472372698
,,Rabi       ,3606,894,0.247920133111481
,,Total,7298,2820,0.386407234858865
, 2010-11,Rabi       ,69458,42262,0.608454029773388
, 2011-12,Rabi       ,60244,35113,0.582846424540203
, 2012-13,Rabi       ,60890,50846,0.835046805715224
, 2013-14,Rabi       ,53823,46223,0.85879642532003
, 2014-15,Rabi       ,67266,50611,0.752400915767252
, 2015-16,Rabi       ,75356,48680,0.646000318488242
, 2016-17,Rabi       ,9473,2637,0.278370104507548
, 2017-18,Rabi       ,26864,26593,0.989912150089339
, 2018-19,Rabi       ,26030,14169,0.544333461390703
Total - Gram,,,679101,455885,0.671306624493264
Groundnut,,,,,
 1.BELLARY, 1997-98,Kharif     ,76932,38353,0.498531170384235
,,Rabi       ,20435,21666,1.06023978468314
,,Total,97367,60019,0.616420347756427
, 1998-99,Kharif     ,68396,61555,0.899979530966723
,,Rabi       ,25407,25244,0.993584445231629
,,Total,93803,86799,0.925332878479366
, 1999-00,Kharif     ,64145,60202,0.938529893210694
,,Rabi       ,16119,15711,0.974688256095291
,,Total,80264,75913,0.94579138841822
, 2000-01,Kharif     ,59678,54533,0.91378732531251
,,Rabi       ,12594,13472,1.06971573765285
,,Total,72272,68005,0.940959154305955
, 2001-02,Kharif     ,66922,57961,0.866097845252682
, 2002-03,Kharif     ,52625,30729,0.583923990498812
,,Rabi       ,6306,6453,1.023311132255
,,Total,58931,37182,0.630941270299164
, 2003-04,Kharif     ,50766,32963,0.649312532009613
,,Rabi       ,6625,5895,0.889811320754717
,,Total,57391,38858,0.677074802669408
, 2004-05,Kharif     ,65371,25628,0.392039283474323
,,Rabi       ,7593,5667,0.746345318056104
,,Total,72964,31295,0.428910147469985
, 2005-06,Kharif     ,65711,27396,0.416916497998813
,,Rabi       ,8989,5245,0.583490933362999
,,Total,74700,32641,0.436961178045515
, 2006-07,Kharif     ,58136,13118,0.225643319113802
,,Rabi       ,10293,8822,0.857087340911299
,,Total,68429,21940,0.320624296716304
, 2007-08,Kharif     ,57502,43233,0.751852109491844
,,Rabi       ,10907,9460,0.867332905473549
,,Total,68409,52693,0.770264146530427
, 2008-09,Kharif     ,62958,16648,0.264430255090695
,,Rabi       ,8967,7437,0.8293743726999
,,Total,71925,24085,0.33486270420577
, 2009-10,Kharif     ,62079,16191,0.2608128352583
,,Rabi       ,8853,7233,0.817011182649949
,,Total,70932,23424,0.330231771273896
, 2010-11,Kharif     ,63596,20851,0.32786653248632
,,Rabi       ,8667,6669,0.769470404984424
,,Total,72263,27520,0.380831130730803
, 2011-12,Kharif     ,56185,26561,0.472741835009344
,,Rabi       ,10618,8433,0.794217366735732
,,Total,66803,34994,0.523838749756748
, 2012-13,Kharif     ,49598,33595,0.67734586072019
,,Rabi       ,1322,2234,1.68986384266263
,,Summer     ,9204,6820,0.740982181660148
,,Total,60124,42649,0.709350675271106
, 2013-14,Kharif     ,45709,56364,1.23310507777462
,,Summer     ,8042,8465,1.05259885600597
,,Total,53751,64829,1.20609849119086
, 2014-15,Kharif     ,47214,46513,0.985152708942263
,,Summer     ,7591,6844,0.901593992886313
,,Total,54805,53357,0.973579053006113
, 2015-16,Kharif     ,42025,38726,0.921499107674003
,,Summer     ,7737,7857,1.01550988755332
,,Total,49762,46583,0.936115911739882
, 2016-17,Kharif     ,33385,40438,1.21126254305826
,,Summer     ,2997,2300,0.767434100767434
,,Total,36382,42738,1.17470177560332
, 2017-18,Kharif     ,53312,80528,1.51050420168067
,,Summer     ,7104,9610,1.35275900900901
,,Total,60416,90138,1.49195577330508
, 2018-19,Kharif     ,55751,61914,1.11054510233
,,Summer     ,5051,5369,1.06295783013265
,,Total,60802,67283,1.10659188842472
Total - Groundnut,,,1469417,1080906,0.735601942811333
Horse-gram,,,,,
 1.BELLARY, 1997-98,Kharif     ,7394,2276,0.307817149039762
,,Rabi       ,863,437,0.506373117033604
,,Total,8257,2713,0.328569698437689
, 1998-99,Kharif     ,10976,4984,0.454081632653061
,,Rabi       ,2428,1119,0.460873146622735
,,Total,13404,6103,0.455311847209788
, 1999-00,Kharif     ,5650,1846,0.326725663716814
,,Rabi       ,1899,817,0.430226434965771
,,Total,7549,2663,0.352761955225858
, 2000-01,Kharif     ,8229,3307,0.401871430307449
,,Rabi       ,1151,467,0.405734144222415
,,Total,9380,3774,0.402345415778252
, 2001-02,Kharif     ,6645,3731,0.561474793077502
,,Rabi       ,2122,478,0.225259189443921
,,Total,8767,4209,0.480095813847382
, 2002-03,Kharif     ,6367,1440,0.226166169310507
,,Rabi       ,443,362,0.817155756207675
,,Total,6810,1802,0.264610866372981
, 2003-04,Kharif     ,8108,1833,0.226073014306857
,,Rabi       ,697,41,0.0588235294117647
,,Total,8805,1874,0.212833617262919
, 2004-05,Kharif     ,5320,2911,0.54718045112782
,,Rabi       ,566,192,0.339222614840989
,,Total,5886,3103,0.527183146449201
, 2005-06,Kharif     ,7122,3687,0.517691659646167
,,Rabi       ,875,448,0.512
,,Total,7997,4135,0.517068900837814
, 2006-07,Kharif     ,4818,2632,0.546284765462848
,,Rabi       ,1273,483,0.379418695993716
,,Total,6091,3115,0.511410277458545
, 2007-08,Kharif     ,3825,3071,0.802875816993464
,,Rabi       ,1145,520,0.454148471615721
,,Total,4970,3591,0.722535211267606
, 2008-09,Kharif     ,4688,2855,0.609001706484642
,,Rabi       ,1180,373,0.316101694915254
,,Total,5868,3228,0.550102249488752
, 2009-10,Kharif     ,3692,1926,0.521668472372698
,,Rabi       ,3606,894,0.247920133111481
,,Total,7298,2820,0.386407234858865
, 2010-11,Kharif     ,3900,2749,0.704871794871795
,,Rabi       ,1482,1067,0.719973009446694
,,Total,5382,3816,0.709030100334448
, 2011-12,Kharif     ,2434,1029,0.422760887428102
,,Rabi       ,798,402,0.503759398496241
,,Total,3232,1431,0.442759900990099
, 2012-13,Kharif     ,2377,980,0.412284392090871
,,Rabi       ,1176,258,0.219387755102041
,,Total,3553,1238,0.348437939769209
, 2013-14,Kharif     ,1924,1029,0.534823284823285
,,Rabi       ,819,343,0.418803418803419
,,Total,2743,1372,0.500182282172804
, 2014-15,Kharif     ,1312,609,0.464176829268293
,,Rabi       ,443,213,0.480812641083521
,,Total,1755,822,0.468376068376068
, 2015-16,Kharif     ,2162,881,0.407493061979648
,,Rabi       ,421,264,0.6270783847981
,,Total,2583,1145,0.443283004258614
, 2016-17,Kharif     ,752,326,0.433510638297872
,,Rabi       ,620,74,0.119354838709677
,,Total,1372,400,0.291545189504373
, 2017-18,Kharif     ,944,1443,1.52860169491525
,,Rabi       ,986,760,0.77079107505071
,,Total,1930,2203,1.14145077720207
, 2018-19,Kharif     ,448,450,1.00446428571429
,,Rabi       ,853,451,0.528722157092614
,,Total,1301,901,0.692544196771714
Total - Horse-gram,,,124933,56458,0.45190622173485
Jowar,,,,,
 1.BELLARY, 1997-98,Kharif     ,51462,86921,1.68903268431075
,,Rabi       ,41994,40394,0.961899318950326
,,Summer     ,738,1820,2.46612466124661
,,Total,94194,129135,1.3709471940888
, 1998-99,Kharif     ,44671,69654,1.55926663831121
,,Rabi       ,49031,47827,0.975444106789582
,,Summer     ,761,2018,2.65177398160315
,,Total,94463,119499,1.26503498724368
, 1999-00,Kharif     ,46369,71222,1.53598309215208
,,Rabi       ,66040,61544,0.931920048455481
,,Summer     ,1263,2902,2.29770387965162
,,Total,113672,135668,1.19350411710887
, 2000-01,Kharif     ,50214,93692,1.86585414426256
,,Rabi       ,58780,49827,0.847686287853011
,,Summer     ,714,1450,2.03081232492997
,,Total,109708,144969,1.32140773690159
, 2001-02,Kharif     ,41225,60618,1.4704184354154
,,Rabi       ,48554,58233,1.19934505910945
,,Summer     ,844,1656,1.96208530805687
,,Total,90623,120507,1.32976176025954
, 2002-03,Kharif     ,41534,41430,0.997496027351086
,,Rabi       ,24226,12096,0.499298274581029
,,Summer     ,1426,2723,1.90953716690042
,,Total,67186,56249,0.837213109874081
, 2003-04,Kharif     ,20430,28900,1.41458639255996
,,Rabi       ,39277,41863,1.06584005906765
,,Summer     ,876,2497,2.85045662100457
,,Total,60583,73260,1.20925011967053
, 2004-05,Kharif     ,55896,98268,1.75805066552168
,,Rabi       ,29941,19541,0.652650212083765
,,Summer     ,3133,2488,0.794127034790935
,,Total,88970,120297,1.3521074519501
, 2005-06,Kharif     ,40775,86998,2.13361128142244
,,Rabi       ,38297,40278,1.05172728934381
,,Summer     ,886,2104,2.37471783295711
,,Total,79958,129380,1.61809950223868
, 2006-07,Kharif     ,37111,42306,1.13998544905823
,,Rabi       ,17651,17696,1.00254943062716
,,Summer     ,947,2114,2.23231256599789
,,Total,55709,62116,1.11500834694574
, 2007-08,Kharif     ,38906,63379,1.62902894155143
,,Rabi       ,24631,41002,1.66465023750558
,,Summer     ,967,2303,2.38159255429162
,,Total,64504,106684,1.6539129356319
, 2008-09,Kharif     ,29507,32475,1.10058630155556
,,Rabi       ,25723,32753,1.27329627181899
,,Summer     ,1085,2472,2.27834101382488
,,Total,56315,67700,1.20216638551008
, 2009-10,Kharif     ,30529,28300,0.92698745455141
,,Rabi       ,24292,26979,1.11061254734069
,,Summer     ,727,2210,3.03988995873453
,,Total,55548,57489,1.0349427522143
, 2010-11,Kharif     ,28537,40568,1.4215930195886
,,Rabi       ,20656,29007,1.40428931061193
,,Summer     ,386,1618,4.19170984455959
,,Total,49579,71193,1.43595070493556
, 2011-12,Kharif     ,26778,31726,1.18477854955561
,,Rabi       ,11332,22252,1.96364278150371
,,Summer     ,4075,7456,1.82969325153374
,,Total,42185,61434,1.45629963257082
, 2012-13,Kharif     ,13928,17849,1.28151924181505
,,Rabi       ,22034,26584,1.20649904692748
,,Summer     ,2034,3244,1.59488692232055
,,Total,37996,47677,1.25478997789241
, 2013-14,Kharif     ,31439,55672,1.7707942364579
,,Rabi       ,17618,21323,1.21029628788739
,,Summer     ,2537,4107,1.61884115096571
,,Total,51594,81102,1.57192696825212
, 2014-15,Kharif     ,21316,40197,1.88576656033027
,,Rabi       ,17366,25588,1.47345387538869
,,Summer     ,897,1604,1.78818283166109
,,Total,39579,67389,1.70264534222694
, 2015-16,Kharif     ,17106,28000,1.63685256635099
,,Rabi       ,31225,53246,1.70523618895116
,,Summer     ,1901,4972,2.61546554445029
,,Total,50232,86218,1.71639592291766
, 2016-17,Kharif     ,17057,34758,2.03775576009849
,,Rabi       ,14561,8632,0.59281642744317
,,Summer     ,430,623,1.44883720930233
,,Total,32048,44013,1.37334623065402
, 2017-18,Kharif     ,11272,28409,2.52031582682754
,,Rabi       ,27861,58071,2.0843114030365
,,Summer     ,182,378,2.07692307692308
,,Total,39315,86858,2.20928398829963
, 2018-19,Kharif     ,13657,29607,2.16789924580801
,,Rabi       ,15698,31675,2.01777296470888
,,Summer     ,447,915,2.04697986577181
,,Total,29802,62197,2.08700758338367
Total - Jowar,,,1403763,1931034,1.37561254998173
Linseed,,,,,
 1.BELLARY, 1998-99,Rabi       ,113,37,0.327433628318584
, 1999-00,Rabi       ,195,66,0.338461538461538
, 2000-01,Rabi       ,11,4,0.363636363636364
, 2001-02,Rabi       ,19,6,0.31578947368421
, 2002-03,Rabi       ,11,4,0.363636363636364
, 2003-04,Rabi       ,6,0,0
, 2004-05,Rabi       ,10,2,0.2
, 2005-06,Rabi       ,28,9,0.321428571428571
, 2006-07,Rabi       ,133,41,0.308270676691729
, 2007-08,Rabi       ,35,14,0.4
, 2008-09,Rabi       ,15,6,0.4
, 2009-10,Rabi       ,13,4,0.307692307692308
, 2010-11,Rabi       ,7,2,0.285714285714286
, 2015-16,Rabi       ,3,,0
Total - Linseed,,,599,195,0.325542570951586
Maize,,,,,
 1.BELLARY, 1997-98,Kharif     ,73445,217603,2.96280209680713
,,Rabi       ,600,1225,2.04166666666667
,,Summer     ,267,578,2.16479400749064
,,Total,74312,219406,2.95249757778017
, 1998-99,Kharif     ,30252,95976,3.17255057516858
,,Rabi       ,1217,2472,2.03122432210353
,,Summer     ,621,1412,2.27375201288245
,,Total,32090,99860,3.11187285758803
, 1999-00,Kharif     ,43028,139783,3.24865204053175
,,Rabi       ,1513,3647,2.41044282881692
,,Summer     ,591,1080,1.82741116751269
,,Total,45132,144510,3.20194097314544
, 2000-01,Kharif     ,52284,161785,3.09435008798103
,,Rabi       ,605,1435,2.37190082644628
,,Summer     ,390,1097,2.81282051282051
,,Total,53279,164317,3.08408566226844
, 2001-02,Kharif     ,43231,140539,3.25088478175383
,,Rabi       ,1325,3077,2.3222641509434
,,Summer     ,295,776,2.63050847457627
,,Total,44851,144392,3.21937080555617
, 2002-03,Kharif     ,56536,128078,2.26542380076411
,,Rabi       ,2592,6539,2.52276234567901
,,Summer     ,748,1912,2.55614973262032
,,Total,59876,136529,2.28019573785824
, 2003-04,Kharif     ,58068,159871,2.75316869876696
,,Rabi       ,2410,5109,2.11991701244813
,,Summer     ,576,1450,2.51736111111111
,,Total,61054,166430,2.72594752186589
, 2004-05,Kharif     ,51467,155182,3.01517477218412
,,Rabi       ,1657,3956,2.3874471937236
,,Summer     ,658,2013,3.05927051671732
,,Total,53782,161151,2.99637425160834
, 2005-06,Kharif     ,68802,223457,3.24782709804948
,,Rabi       ,2382,8307,3.48740554156171
,,Summer     ,417,1585,3.80095923261391
,,Total,71601,233349,3.2590187287887
, 2006-07,Kharif     ,79209,179807,2.27003244580793
,,Rabi       ,871,2274,2.61079219288175
,,Summer     ,1155,3701,3.204329004329
,,Total,81235,185782,2.28696990213578
, 2007-08,Kharif     ,91886,260481,2.83482793896785
,,Rabi       ,2886,9162,3.17463617463617
,,Summer     ,1416,4001,2.82556497175141
,,Total,96188,273644,2.84488709610346
, 2008-09,Kharif     ,81737,221134,2.70543327990995
,,Rabi       ,3418,7487,2.19046225863078
,,Summer     ,2305,6160,2.67245119305857
,,Total,87460,234781,2.68443860050309
, 2009-10,Kharif     ,97077,189500,1.95205867507237
,,Rabi       ,2216,4954,2.235559566787
,,Summer     ,1224,3688,3.01307189542484
,,Total,100517,198142,1.97122874737607
, 2010-11,Kharif     ,89370,254848,2.85160568423408
,,Rabi       ,2383,5957,2.49979018044482
,,Summer     ,1740,6486,3.72758620689655
,,Total,93493,267291,2.8589413111142
, 2011-12,Kharif     ,98727,207485,2.10160341142747
,,Rabi       ,2976,9830,3.30309139784946
,,Summer     ,1947,4591,2.35798664612224
,,Total,103650,221906,2.1409165460685
, 2012-13,Kharif     ,104728,241566,2.30660377358491
,,Rabi       ,2129,6385,2.99906059182715
,,Summer     ,2260,6523,2.88628318584071
,,Total,109117,254474,2.33212056783086
, 2013-14,Kharif     ,80459,220977,2.74645471606657
,,Rabi       ,2470,7070,2.86234817813765
,,Summer     ,1698,6085,3.58362779740872
,,Total,84627,234132,2.7666347619554
, 2014-15,Kharif     ,95624,249999,2.61439596753953
,,Rabi       ,2369,6468,2.73026593499367
,,Summer     ,1859,4812,2.58848843464228
,,Total,99852,261279,2.61666266073789
, 2015-16,Kharif     ,91764,241564,2.6324484547317
,,Rabi       ,5829,16186,2.77680562703723
,,Summer     ,2146,5578,2.59925442684063
,,Total,99739,263328,2.64017084590782
, 2016-17,Kharif     ,92825,247532,2.66665230272017
,,Rabi       ,1894,2039,1.07655755015839
,,Summer     ,382,1019,2.66753926701571
,,Total,95101,250590,2.63498806532003
, 2017-18,Kharif     ,94305,363107,3.85034727745082
,,Rabi       ,3105,11905,3.8341384863124
,,Summer     ,408,1531,3.75245098039216
,,Total,97818,376543,3.84942444130937
, 2018-19,Kharif     ,188994,509726,2.69704858355292
,,Rabi       ,14595,44341,3.03809523809524
,,Summer     ,325,1120,3.44615384615385
,,Total,203914,555187,2.72265268691703
Total - Maize,,,1848688,5047023,2.7300566672148
Mesta,,,,Bales*,Bales/Hectare
 1.BELLARY, 2008-09,Whole Year ,3,4,1.33333333333333
, 2010-11,Whole Year ,58,73,1.25862068965517
, 2011-12,Whole Year ,102,127,1.24509803921569
, 2012-13,Whole Year ,55,67,1.21818181818182
, 2013-14,Whole Year ,42,56,1.33333333333333
, 2018-19,Whole Year ,1,1,1
Total - Mesta,,,261,328,1.25670498084291
Moong(Green Gram),,,,,
 1.BELLARY, 1998-99,Kharif     ,3031,242,0.0798416364236226
,,Rabi       ,217,97,0.447004608294931
,,Total,3248,339,0.104371921182266
, 1999-00,Kharif     ,3266,1229,0.37630128597673
,,Rabi       ,180,45,0.25
,,Total,3446,1274,0.369704004643064
, 2000-01,Kharif     ,3500,1510,0.431428571428571
,,Rabi       ,137,37,0.27007299270073
,,Total,3637,1547,0.425350563651361
, 2001-02,Kharif     ,2206,409,0.185403445149592
,,Rabi       ,24,7,0.291666666666667
,,Total,2230,416,0.186547085201794
, 2002-03,Kharif     ,3870,386,0.0997416020671835
, 2003-04,Kharif     ,1300,59,0.0453846153846154
, 2004-05,Kharif     ,5575,1822,0.326816143497758
,,Rabi       ,102,25,0.245098039215686
,,Total,5677,1847,0.325347895014973
, 2005-06,Kharif     ,3098,412,0.132989025177534
,,Rabi       ,108,32,0.296296296296296
,,Total,3206,444,0.138490330630069
, 2006-07,Kharif     ,2698,420,0.155670867309118
,,Rabi       ,60,18,0.3
,,Total,2758,438,0.158810732414793
, 2007-08,Kharif     ,2835,439,0.154850088183422
,,Rabi       ,116,38,0.327586206896552
,,Total,2951,477,0.161640121992545
, 2008-09,Kharif     ,1075,88,0.0818604651162791
,,Rabi       ,50,13,0.26
,,Total,1125,101,0.0897777777777778
, 2009-10,Kharif     ,1319,278,0.21076573161486
,,Rabi       ,15,4,0.266666666666667
,,Total,1334,282,0.211394302848576
, 2010-11,Kharif     ,469,105,0.223880597014925
,,Rabi       ,26,7,0.269230769230769
,,Total,495,112,0.226262626262626
, 2011-12,Kharif     ,273,51,0.186813186813187
,,Rabi       ,5,2,0.4
,,Total,278,53,0.190647482014388
, 2012-13,Kharif     ,116,35,0.301724137931034
,,Rabi       ,94,22,0.234042553191489
,,Total,210,57,0.271428571428571
, 2013-14,Kharif     ,118,30,0.254237288135593
,,Rabi       ,8,2,0.25
,,Total,126,32,0.253968253968254
, 2014-15,Kharif     ,76,12,0.157894736842105
,,Rabi       ,2,1,0.5
,,Total,78,13,0.166666666666667
, 2015-16,Kharif     ,285,41,0.143859649122807
,,Summer     ,13,4,0.307692307692308
,,Total,298,45,0.151006711409396
, 2016-17,Kharif     ,264,52,0.196969696969697
, 2018-19,Kharif     ,326,116,0.355828220858896
,,Rabi       ,7,2,0.285714285714286
,,Total,333,118,0.354354354354354
Total - Moong(Green Gram),,,36864,8092,0.219509548611111
Niger seed,,,,,
 1.BELLARY, 1998-99,Kharif     ,1654,427,0.258162031438936
, 1999-00,Kharif     ,1581,409,0.258697027197976
, 2000-01,Kharif     ,1719,444,0.258289703315881
, 2001-02,Kharif     ,1312,339,0.258384146341463
, 2002-03,Kharif     ,754,195,0.258620689655172
, 2003-04,Kharif     ,791,204,0.257901390644753
, 2004-05,Kharif     ,831,215,0.258724428399519
, 2005-06,Kharif     ,714,184,0.257703081232493
, 2006-07,Kharif     ,663,171,0.257918552036199
, 2007-08,Kharif     ,554,208,0.375451263537906
, 2008-09,Kharif     ,604,221,0.365894039735099
, 2009-10,Kharif     ,442,158,0.357466063348416
, 2010-11,Kharif     ,838,143,0.170644391408115
, 2011-12,Kharif     ,256,70,0.2734375
, 2012-13,Kharif     ,466,112,0.240343347639485
, 2013-14,Kharif     ,281,30,0.106761565836299
, 2014-15,Kharif     ,124,33,0.266129032258064
, 2015-16,Kharif     ,129,33,0.255813953488372
, 2016-17,Kharif     ,55,10,0.181818181818182
, 2017-18,Kharif     ,40,9,0.225
, 2018-19,Kharif     ,16,3,0.1875
Total - Niger seed,,,13824,3618,0.26171875
Onion,,,,,
 1.BELLARY, 1998-99,Kharif     ,7638,53886,7.05498821681068
,,Rabi       ,150,917,6.11333333333333
,,Summer     ,1108,12024,10.8519855595668
,,Total,8896,66827,7.51202787769784
, 1999-00,Whole Year ,5448,39556,7.26064610866373
, 2000-01,Whole Year ,4118,29659,7.20228266148616
, 2001-02,Whole Year ,3980,47730,11.9924623115578
, 2002-03,Whole Year ,3574,57874,16.1930609960828
, 2003-04,Whole Year ,3745,42375,11.3150867823765
, 2004-05,Whole Year ,3761,38433,10.2188247806434
, 2005-06,Kharif     ,2999,25442,8.48349449816605
,,Rabi       ,277,2871,10.3646209386282
,,Summer     ,741,13535,18.2658569500675
,,Total,4017,41848,10.4177246701519
, 2006-07,Whole Year ,3577,23238,6.49650545149567
, 2007-08,Kharif     ,3213,20332,6.32804232804233
,,Rabi       ,156,1313,8.41666666666667
,,Summer     ,476,2170,4.55882352941176
,,Total,3845,23815,6.19375812743823
, 2008-09,Kharif     ,3148,16481,5.2353875476493
,,Rabi       ,122,815,6.68032786885246
,,Summer     ,605,3151,5.20826446280992
,,Total,3875,20447,5.27664516129032
, 2009-10,Kharif     ,2732,12217,4.47181551976574
,,Rabi       ,458,2713,5.9235807860262
,,Summer     ,675,3705,5.48888888888889
,,Total,3865,18635,4.82147477360931
, 2010-11,Kharif     ,2798,17961,6.4192280200143
,,Rabi       ,84,575,6.8452380952381
,,Summer     ,488,3044,6.23770491803279
,,Total,3370,21580,6.40356083086053
, 2011-12,Kharif     ,3822,23822,6.23286237571952
,,Rabi       ,268,2133,7.9589552238806
,,Summer     ,430,1836,4.26976744186047
,,Total,4520,27791,6.14845132743363
, 2012-13,Kharif     ,2594,14135,5.4491133384734
,,Rabi       ,352,2304,6.54545454545455
,,Summer     ,216,1378,6.37962962962963
,,Total,3162,17817,5.63472485768501
, 2013-14,Kharif     ,2716,23743,8.7418998527246
,,Rabi       ,352,2473,7.02556818181818
,,Summer     ,1111,12048,10.8442844284428
,,Total,4179,38264,9.15625747786552
, 2014-15,Kharif     ,5726,44431,7.75951798812435
,,Rabi       ,567,3758,6.62786596119929
,,Summer     ,876,5157,5.88698630136986
,,Total,7169,53346,7.44120518900823
, 2015-16,Kharif     ,10261,78607,7.66075431244518
,,Rabi       ,1297,12516,9.64996144949884
,,Summer     ,1757,5875,3.34376778599886
,,Total,13315,96998,7.28486669170109
, 2016-17,Kharif     ,11037,196513,17.8049288756003
,,Rabi       ,266,2981,11.2067669172932
,,Summer     ,149,1781,11.9530201342282
,,Total,11452,201275,17.575532658051
, 2017-18,Kharif     ,3754,50360,13.4150239744273
,,Rabi       ,1366,20683,15.1412884333821
,,Summer     ,626,8511,13.5958466453674
,,Total,5746,79554,13.8451096414897
, 2018-19,Kharif     ,9714,94101,9.68715256331069
,,Rabi       ,1394,11602,8.32281205164993
,,Summer     ,143,1231,8.60839160839161
,,Total,11251,106934,9.50439960892365
Total - Onion,,,116865,1093996,9.36119454070936
Other  Rabi pulses,,,,,
 1.BELLARY, 1999-00,Rabi       ,5484,608,0.110867979576951
, 2000-01,Rabi       ,3986,442,0.110888108379328
, 2001-02,Rabi       ,2277,252,0.110671936758893
, 2002-03,Rabi       ,2095,233,0.111217183770883
, 2003-04,Rabi       ,1435,159,0.110801393728223
, 2004-05,Rabi       ,1435,159,0.110801393728223
, 2005-06,Rabi       ,1634,181,0.110771113831089
, 2006-07,Rabi       ,2164,514,0.237523105360444
, 2007-08,Rabi       ,2091,497,0.237685318029651
, 2008-09,Rabi       ,1762,440,0.249716231555051
, 2009-10,Rabi       ,1898,458,0.241306638566913
, 2011-12,Rabi       ,111,38,0.342342342342342
, 2012-13,Rabi       ,10,5,0.5
, 2013-14,Rabi       ,116,40,0.344827586206897
, 2014-15,Rabi       ,6,5,0.833333333333333
, 2016-17,Rabi       ,2,,0
, 2017-18,Rabi       ,48,38,0.791666666666667
, 2018-19,Rabi       ,42,31,0.738095238095238
Total - Other  Rabi pulses,,,26596,4100,0.154158520078207
Other Kharif pulses,,,,,
 1.BELLARY, 1999-00,Kharif     ,2607,626,0.24012274645186
, 2000-01,Kharif     ,2240,548,0.244642857142857
, 2001-02,Kharif     ,1800,442,0.245555555555556
, 2002-03,Kharif     ,983,251,0.255340793489318
, 2003-04,Kharif     ,756,195,0.257936507936508
, 2004-05,Kharif     ,968,251.68,0.26
, 2005-06,Kharif     ,1451,377,0.259820813232254
, 2006-07,Kharif     ,1460,675,0.462328767123288
, 2007-08,Kharif     ,1381,659,0.477190441708907
, 2008-09,Kharif     ,926,631,0.681425485961123
, 2009-10,Kharif     ,692,305,0.440751445086705
, 2010-11,Kharif     ,234,87,0.371794871794872
, 2011-12,Kharif     ,124,41,0.330645161290323
, 2012-13,Kharif     ,106,27,0.254716981132075
, 2013-14,Kharif     ,80,31,0.3875
, 2014-15,Kharif     ,168,79,0.470238095238095
, 2015-16,Kharif     ,69,32,0.463768115942029
, 2016-17,Kharif     ,53,15,0.283018867924528
, 2017-18,Kharif     ,152,99,0.651315789473684
, 2018-19,Kharif     ,188,119,0.632978723404255
Total - Other Kharif pulses,,,16438,5490.68,0.33402360384475
Potato,,,,,
 1.BELLARY, 2013-14,Summer     ,26,365,14.0384615384615
, 2014-15,Kharif     ,10,62,6.2
,,Rabi       ,23,354,15.3913043478261
,,Total,33,416,12.6060606060606
, 2015-16,Kharif     ,151,606,4.01324503311258
,,Summer     ,41,576,14.0487804878049
,,Total,192,1182,6.15625
, 2018-19,Kharif     ,4,32,8
Total - Potato,,,255,1995,7.82352941176471
Ragi,,,,,
 1.BELLARY, 1997-98,Kharif     ,17185,12676,0.737620017457085
,,Rabi       ,31,37,1.19354838709677
,,Total,17216,12713,0.738440985130112
, 1998-99,Kharif     ,6531,5804,0.888684734343898
,,Summer     ,16,36,2.25
,,Total,6547,5840,0.892011608370246
, 1999-00,Kharif     ,5501,4146,0.753681148882021
,,Rabi       ,29,29,1
,,Summer     ,8,16,2
,,Total,5538,4191,0.756771397616468
, 2000-01,Kharif     ,5338,5730,1.07343574372424
,,Summer     ,10,20,2
,,Total,5348,5750,1.07516828721017
, 2001-02,Kharif     ,5844,8087,1.38381245722108
,,Rabi       ,10,11,1.1
,,Total,5854,8098,1.38332763922105
, 2002-03,Kharif     ,6325,2775,0.438735177865613
,,Rabi       ,10,16,1.6
,,Summer     ,14,16,1.14285714285714
,,Total,6349,2807,0.442116868798236
, 2003-04,Kharif     ,9896,8075,0.815986257073565
,,Rabi       ,211,29,0.137440758293839
,,Summer     ,15,18,1.2
,,Total,10122,8122,0.802410590792334
, 2004-05,Kharif     ,5742,4739,0.825322187391153
,,Rabi       ,8,13,1.625
,,Summer     ,44,70,1.59090909090909
,,Total,5794,4822,0.832240248532965
, 2005-06,Kharif     ,6581,5714,0.868257103783619
,,Summer     ,82,179,2.18292682926829
,,Total,6663,5893,0.884436440042023
, 2006-07,Kharif     ,3688,1657,0.449295010845987
,,Summer     ,84,179,2.13095238095238
,,Total,3772,1836,0.486744432661718
, 2007-08,Kharif     ,3766,2700,0.716941051513542
,,Summer     ,63,131,2.07936507936508
,,Total,3829,2831,0.739357534604335
, 2008-09,Kharif     ,3576,1783,0.498601789709172
,,Rabi       ,54,79,1.46296296296296
,,Summer     ,69,137,1.98550724637681
,,Total,3699,1999,0.540416328737497
, 2009-10,Kharif     ,3356,1082,0.322407628128725
,,Rabi       ,25,35,1.4
,,Summer     ,68,128,1.88235294117647
,,Total,3449,1245,0.360974195418962
, 2010-11,Kharif     ,5966,3606,0.604425075427422
,,Summer     ,38,74,1.94736842105263
,,Total,6004,3680,0.61292471685543
, 2011-12,Kharif     ,3580,2472,0.690502793296089
,,Rabi       ,13,24,1.84615384615385
,,Summer     ,149,287,1.9261744966443
,,Total,3742,2783,0.743719935863175
, 2012-13,Kharif     ,4102,2015,0.491223793271575
,,Rabi       ,6,9,1.5
,,Summer     ,66,99,1.5
,,Total,4174,2123,0.508624820316243
, 2013-14,Kharif     ,3525,2548,0.722836879432624
,,Rabi       ,149,217,1.45637583892617
,,Summer     ,187,367,1.96256684491979
,,Total,3861,3132,0.811188811188811
, 2014-15,Kharif     ,2897,2042,0.704867103900587
,,Rabi       ,67,109,1.62686567164179
,,Summer     ,189,337,1.78306878306878
,,Total,3153,2488,0.789089755788138
, 2015-16,Kharif     ,2897,1671,0.576803589920608
,,Rabi       ,10,17,1.7
,,Summer     ,227,388,1.70925110132159
,,Total,3134,2076,0.662412252712189
, 2016-17,Kharif     ,1988,2081,1.04678068410463
,,Rabi       ,312,323,1.03525641025641
,,Summer     ,79,143,1.81012658227848
,,Total,2379,2547,1.07061790668348
, 2017-18,Kharif     ,10039,13590,1.35372049008865
,,Rabi       ,281,450,1.60142348754448
,,Summer     ,682,1185,1.7375366568915
,,Total,11002,15225,1.3838393019451
, 2018-19,Kharif     ,8823,6529,0.739997733197325
,,Rabi       ,2610,4066,1.55785440613027
,,Summer     ,684,1230,1.79824561403509
,,Total,12117,11825,0.975901625814971
Total - Ragi,,,133746,112026,0.837602619891436
Rapeseed &Mustard,,,,,
 1.BELLARY, 1998-99,Kharif     ,79,6,0.0759493670886076
, 1999-00,Rabi       ,101,8,0.0792079207920792
, 2000-01,Rabi       ,164,13,0.0792682926829268
, 2001-02,Rabi       ,185,14,0.0756756756756757
, 2002-03,Rabi       ,29,2,0.0689655172413793
, 2003-04,Rabi       ,10,1,0.1
, 2004-05,Rabi       ,17,1,0.0588235294117647
, 2005-06,Rabi       ,295,23,0.0779661016949153
, 2006-07,Kharif     ,75,6,0.08
, 2011-12,Rabi       ,38,11,0.289473684210526
, 2013-14,Kharif     ,2,1,0.5
, 2016-17,Kharif     ,17,3,0.176470588235294
, 2017-18,Kharif     ,41,7,0.170731707317073
, 2018-19,Kharif     ,240,48,0.2
Total - Rapeseed &Mustard,,,1293,144,0.111368909512761
Rice,,,,,
 1.BELLARY, 1997-98,Kharif     ,34112,96733,2.83574695121951
,,Summer     ,23573,65571,2.7816145590294
,,Total,57685,162304,2.81362572592528
, 1998-99,Kharif     ,39395,124945,3.17159538012438
,,Summer     ,29459,99742,3.38579042058454
,,Total,68854,224687,3.26323815609841
, 1999-00,Kharif     ,47915,162081,3.38267765835333
,,Summer     ,31432,94717,3.01339399338254
,,Total,79347,256798,3.23639205010901
, 2000-01,Kharif     ,52654,172729,3.28045352679758
,,Summer     ,31393,100892,3.21383747969293
,,Total,84047,273621,3.2555712874939
, 2001-02,Kharif     ,54582,175813,3.22108020959291
,,Summer     ,29231,78310,2.67900516574869
,,Total,83813,254123,3.03202367174543
, 2002-03,Kharif     ,64289,215581,3.35331083077976
,,Summer     ,7011,17597,2.50991299386678
,,Total,71300,233178,3.27037868162693
, 2003-04,Kharif     ,49995,190076,3.801900190019
,,Summer     ,5971,27818,4.6588511137163
,,Total,55966,217894,3.89332809205589
, 2004-05,Kharif     ,51935,178111.0825,3.4295
,,Rabi       ,280,944,3.37142857142857
,,Summer     ,14592,68619,4.70250822368421
,,Total,66807,247674.0825,3.70730735551664
, 2005-06,Kharif     ,61783,188994,3.05899681142062
,,Rabi       ,490,1871,3.81836734693878
,,Summer     ,40538,138524,3.41713947407371
,,Total,102811,329389,3.20383032943946
, 2006-07,Kharif     ,66354,204553,3.08275311209573
,,Rabi       ,2993,14299,4.77748078850652
,,Summer     ,36575,129221,3.53304169514696
,,Total,105922,348073,3.28612563962161
, 2007-08,Kharif     ,76597,283719,3.70404846142799
,,Rabi       ,367,1414,3.85286103542234
,,Summer     ,40890,131492,3.2157495720225
,,Total,117854,416625,3.53509426918051
, 2008-09,Kharif     ,77958,283650.183,3.6385
,,Rabi       ,150,700,4.66666666666667
,,Summer     ,44613,157154,3.52260551857082
,,Total,122721,441504.183,3.59762536974112
, 2009-10,Kharif     ,80447,248380.1125,3.0875
,,Rabi       ,46,185,4.02173913043478
,,Summer     ,39921,132661,3.32308809899552
,,Total,120414,381226.1125,3.16596170295813
, 2010-11,Kharif     ,88799,339376,3.82184484059505
,,Rabi       ,135,602,4.45925925925926
,,Summer     ,41745,145941,3.49601149838304
,,Total,130679,485919,3.71841688412063
, 2011-12,Kharif     ,77226,288837,3.7401522803201
,,Summer     ,38943,139548,3.58339111008397
,,Total,116169,428385,3.68760168375384
, 2012-13,Kharif     ,78029,289394,3.70880057414551
,,Summer     ,31119,98386,3.1616054500466
,,Total,109148,387780,3.55279070619709
, 2013-14,Kharif     ,76010,290788,3.82565451914222
,,Summer     ,34538,127832,3.7011986797151
,,Total,110548,418620,3.78677135723848
, 2014-15,Kharif     ,77598,286690,3.69455398335009
,,Rabi       ,40,99,2.475
,,Summer     ,41005,121344,2.95924887208877
,,Total,118643,408133,3.44000910293907
, 2015-16,Kharif     ,75608,283647,3.75154745529574
,,Summer     ,18058,57796,3.20057592202902
,,Total,93666,341443,3.64532487775714
, 2016-17,Kharif     ,83580,328323,3.92824838478105
,,Rabi       ,11,29,2.63636363636364
,,Summer     ,3417,9443,2.76353526485221
,,Total,87008,337795,3.88234415226186
, 2017-18,Kharif     ,55561,234990,4.22940551825921
,,Rabi       ,6619,17657,2.66762350808279
,,Summer     ,39753,135691,3.41335245138732
,,Total,101933,388338,3.80973776892665
, 2018-19,Kharif     ,105813,427823,4.04319885080283
,,Rabi       ,1551,3841,2.47646679561573
,,Summer     ,30541,111530,3.65181231786778
,,Total,137905,543194,3.93889996736884
Total - Rice,,,2143240,7526703.378,3.51183412870234
Safflower,,,,,
 1.BELLARY, 1998-99,Rabi       ,6134,3243,0.52869253342028
, 1999-00,Rabi       ,6116,6219,1.01684107259647
, 2000-01,Rabi       ,6084,3237,0.532051282051282
, 2001-02,Rabi       ,5265,2076,0.394301994301994
, 2002-03,Rabi       ,2259,594,0.262948207171315
, 2003-04,Rabi       ,4850,1209,0.249278350515464
, 2004-05,Rabi       ,5975,1977,0.330878661087866
, 2005-06,Rabi       ,4832,1579,0.326779801324503
, 2006-07,Rabi       ,3765,1628,0.432403718459495
, 2007-08,Rabi       ,3198,1972,0.616635397123202
, 2008-09,Rabi       ,1285,472,0.367315175097276
, 2009-10,Rabi       ,1343,411,0.306031273268801
, 2010-11,Rabi       ,819,305,0.372405372405372
, 2011-12,Rabi       ,69,16,0.231884057971014
, 2012-13,Rabi       ,371,167,0.450134770889488
, 2013-14,Rabi       ,121,202,1.66942148760331
, 2014-15,Rabi       ,118,34,0.288135593220339
, 2015-16,Rabi       ,144,56,0.388888888888889
, 2016-17,Rabi       ,7,2,0.285714285714286
, 2017-18,Rabi       ,5,5,1
, 2018-19,Rabi       ,917,329,0.358778625954198
Total - Safflower,,,53677,25733,0.479404586694487
Sannhamp,,,,,
 1.BELLARY, 1999-00,Whole Year ,34,9,0.264705882352941
, 2000-01,Whole Year ,29,7,0.241379310344828
, 2001-02,Whole Year ,18,5,0.277777777777778
, 2002-03,Whole Year ,22,6,0.272727272727273
, 2004-05,Whole Year ,127,32,0.251968503937008
, 2007-08,Whole Year ,81,20,0.246913580246914
, 2014-15,Whole Year ,130,32,0.246153846153846
, 2018-19,Whole Year ,2,,0
Total - Sannhamp,,,443,111,0.250564334085779
Sesamum,,,,,
 1.BELLARY, 1998-99,Kharif     ,4680,1089,0.232692307692308
, 1999-00,Kharif     ,6606,2962,0.448380260369361
, 2000-01,Kharif     ,6522,2714,0.416130021465808
, 2001-02,Kharif     ,4069,1140,0.28016711722782
, 2002-03,Kharif     ,5750,2720,0.47304347826087
, 2003-04,Kharif     ,2681,311,0.116001491980604
, 2004-05,Kharif     ,6495,2184,0.336258660508083
, 2005-06,Kharif     ,6282,2936,0.467367080547596
, 2006-07,Kharif     ,6199,1537,0.247943216647846
, 2007-08,Kharif     ,4816,2219,0.460755813953488
, 2008-09,Kharif     ,2018,581,0.28790882061447
, 2009-10,Kharif     ,2911,536,0.184129165235314
, 2010-11,Kharif     ,2075,656,0.316144578313253
, 2011-12,Kharif     ,541,143,0.264325323475046
, 2012-13,Kharif     ,82,27,0.329268292682927
, 2013-14,Kharif     ,544,241,0.443014705882353
, 2014-15,Kharif     ,1252,457,0.365015974440895
, 2015-16,Kharif     ,3131,788,0.251676780581284
, 2016-17,Kharif     ,655,306,0.467175572519084
, 2017-18,Kharif     ,89,169,1.89887640449438
, 2018-19,Kharif     ,101,134,1.32673267326733
Total - Sesamum,,,67499,23850,0.353338567978785
Small millets,,,,,
 1.BELLARY, 1999-00,Kharif     ,15521,5466,0.352168030410412
, 2000-01,Kharif     ,17240,11033,0.639965197215777
, 2001-02,Kharif     ,12709,4729,0.372098512864899
, 2002-03,Kharif     ,10556,2338,0.221485411140584
, 2003-04,Kharif     ,13583,6122,0.450710446882132
, 2004-05,Kharif     ,9702,3725,0.383941455370027
, 2005-06,Kharif     ,10327,2822,0.273264258739227
, 2006-07,Kharif     ,4021,726,0.180552101467297
, 2007-08,Kharif     ,4640,1261,0.27176724137931
, 2009-10,Kharif     ,3181,777,0.24426281043697
, 2010-11,Kharif     ,4145,1197,0.288781664656212
, 2011-12,Kharif     ,2815,685,0.243339253996448
, 2012-13,Kharif     ,2882,597,0.207147814018043
, 2013-14,Kharif     ,2890,955,0.330449826989619
, 2014-15,Kharif     ,1830,612,0.334426229508197
, 2015-16,Kharif     ,5751,2060,0.358198574161015
, 2016-17,Kharif     ,2943,1181,0.401291199456337
, 2017-18,Kharif     ,8506,5228,0.614624970608982
, 2018-19,Kharif     ,1954,713,0.36489252814739
Total - Small millets,,,135196,52227,0.386305807864138
Soyabean,,,,,
 1.BELLARY, 2012-13,Kharif     ,23,24,1.04347826086957
, 2018-19,Kharif     ,4,4,1
Total - Soyabean,,,27,28,1.03703703703704
Sugarcane,,,,,
 1.BELLARY, 1997-98,Whole Year ,6945,488234,70.3000719942405
, 1999-00,Whole Year ,7336,655105,89.3000272628135
, 2000-01,Whole Year ,7174,783760,109.250069696125
, 2001-02,Whole Year ,7666,750118,97.8499869553874
, 2002-03,Whole Year ,5327,384609,72.1999249108316
, 2003-04,Whole Year ,1831,121762,66.5002730748225
, 2005-06,Whole Year ,3531,338799,95.9498725573492
, 2006-07,Whole Year ,3293,297193,90.2499240813848
, 2007-08,Whole Year ,2402,203089,84.5499583680267
, 2008-09,Whole Year ,1932,249614,129.199792960663
, 2009-10,Whole Year ,2464,238762,96.9001623376623
, 2010-11,Whole Year ,1363,130780,95.9501100513573
, 2011-12,Whole Year ,3806,318182,83.6001050972149
, 2012-13,Whole Year ,5660,483930,85.5
, 2013-14,Whole Year ,6004,484823,80.75
, 2014-15,Whole Year ,3406,349456,102.600117439812
, 2015-16,Whole Year ,7835,803871,102.6
, 2016-17,Whole Year ,6994,511611,73.1499857020303
, 2017-18,Whole Year ,4405,372443,84.550056753689
, 2018-19,Whole Year ,10096,575472,57
Total - Sugarcane,,,99470,8541613,85.8712476123454
Sunflower,,,,,
 1.BELLARY, 1998-99,Kharif     ,31997,6895,0.215488952089258
,,Rabi       ,29642,9593,0.323628635044869
,,Summer     ,7766,3910,0.503476693278393
,,Total,69405,20398,0.293898134140192
, 1999-00,Kharif     ,24250,8535,0.351958762886598
,,Rabi       ,22273,8090,0.363220042203565
,,Summer     ,5648,3348,0.592776203966006
,,Total,52171,19973,0.382837208410803
, 2000-01,Kharif     ,19274,11546,0.599045346062052
,,Rabi       ,19149,5980,0.312287847929396
,,Summer     ,3824,2630,0.687761506276151
,,Total,42247,20156,0.477098965607025
, 2001-02,Kharif     ,13975,6648,0.475706618962433
,,Rabi       ,31843,12359,0.388122978362591
,,Summer     ,4054,2734,0.674395658608781
,,Total,49872,21741,0.435935996150144
, 2002-03,Kharif     ,22834,10031,0.439301042305334
,,Rabi       ,35564,9300,0.261500393656507
,,Summer     ,3448,2057,0.596577726218097
,,Total,61846,21388,0.345826730912266
, 2003-04,Kharif     ,29880,13043,0.436512717536814
,,Rabi       ,58584,14922,0.254711183941008
,,Summer     ,4252,2210,0.519755409219191
,,Total,92716,30175,0.325456231934078
, 2004-05,Kharif     ,39224,18559,0.473154191311442
,,Rabi       ,42374,13615,0.321305517534337
,,Summer     ,6560,4294,0.654573170731707
,,Total,88158,36468,0.413666371741646
, 2005-06,Kharif     ,45056,18516,0.410955255681818
,,Rabi       ,58156,17037,0.292953435587042
,,Summer     ,5907,4551,0.770441848654139
,,Total,109119,40104,0.367525362219229
, 2006-07,Kharif     ,48648,18060,0.371238283177109
,,Rabi       ,50126,16144,0.322068387663089
,,Summer     ,8395,7353,0.875878499106611
,,Total,107169,41557,0.387770717278317
, 2007-08,Kharif     ,49902,18862,0.377980842451204
,,Rabi       ,42833,16935,0.395372726636005
,,Summer     ,7283,7472,1.02595084443224
,,Total,100018,43269,0.432612129816633
, 2008-09,Kharif     ,36013,15316,0.425290867186849
,,Rabi       ,52536,17629,0.335560377645805
,,Summer     ,4680,3881,0.829273504273504
,,Total,93229,36826,0.395005845820506
, 2009-10,Kharif     ,24040,8523,0.354534109816972
,,Rabi       ,40331,14103,0.349681386526493
,,Summer     ,3224,2625,0.814205955334988
,,Total,67595,25251,0.373563133367853
, 2010-11,Kharif     ,13422,7750,0.577410222023543
,,Rabi       ,25145,12560,0.499502883276993
,,Summer     ,1882,1745,0.927205100956429
,,Total,40449,22055,0.545254518035057
, 2011-12,Kharif     ,10225,3482,0.340537897310513
,,Rabi       ,8363,3976,0.475427478177687
,,Summer     ,3045,3277,1.07619047619048
,,Total,21633,10735,0.496232607590256
, 2012-13,Kharif     ,14820,7870,0.531039136302294
,,Rabi       ,21005,10855,0.516781718638419
,,Summer     ,3045,2300,0.755336617405583
,,Total,38870,21025,0.540905582711603
, 2013-14,Kharif     ,7895,4890,0.619379354021533
,,Rabi       ,11730,7444,0.63461210571185
,,Summer     ,1909,2372,1.24253535882661
,,Total,21534,14706,0.682920033435497
, 2014-15,Kharif     ,10633,6495,0.610834195429324
,,Rabi       ,13580,8063,0.593740795287187
,,Summer     ,1776,1255,0.706644144144144
,,Total,25989,15813,0.608449728731386
, 2015-16,Kharif     ,11780,5954,0.505432937181664
,,Rabi       ,6074,2926,0.481725386894962
,,Summer     ,945,656,0.694179894179894
,,Total,18799,9536,0.507261024522581
, 2016-17,Kharif     ,10649,8822,0.828434594797634
,,Rabi       ,2993,429,0.143334447043101
,,Summer     ,130,25,0.192307692307692
,,Total,13772,9276,0.673540516990996
, 2017-18,Kharif     ,5663,8129,1.43545823768321
,,Rabi       ,2360,2161,0.915677966101695
,,Summer     ,17,19,1.11764705882353
,,Total,8040,10309,1.28221393034826
, 2018-19,Kharif     ,7722,7783,1.00789950789951
,,Rabi       ,5956,3797,0.637508394895903
,,Summer     ,10,10,1
,,Total,13688,11590,0.846727060198714
Total - Sunflower,,,1136319,482351,0.424485553792553
Sweet potato,,,,,
 1.BELLARY, 2018-19,Whole Year ,2,29,14.5
Total - Sweet potato,,,2,29,14.5
Tapioca,,,,,
 1.BELLARY, 2018-19,Whole Year ,3,40,13.3333333333333
Total - Tapioca,,,3,40,13.3333333333333
Tobacco,,,,,
 1.BELLARY, 1999-00,Whole Year ,616,364,0.590909090909091
, 2000-01,Whole Year ,1069,790,0.739008419083255
, 2002-03,Whole Year ,135,48,0.355555555555556
, 2003-04,Whole Year ,303,170,0.561056105610561
, 2004-05,Whole Year ,560,413,0.7375
, 2005-06,Whole Year ,379,240,0.633245382585752
, 2006-07,Whole Year ,1069,476,0.445275958840037
, 2007-08,Whole Year ,245,104,0.424489795918367
, 2008-09,Whole Year ,215,109,0.506976744186047
, 2009-10,Whole Year ,466,359,0.770386266094421
, 2010-11,Whole Year ,884,966,1.09276018099548
, 2011-12,Whole Year ,218,200,0.91743119266055
, 2012-13,Whole Year ,15,9,0.6
, 2013-14,Whole Year ,9,7,0.777777777777778
, 2014-15,Whole Year ,96,69,0.71875
, 2016-17,Whole Year ,34,25,0.735294117647059
, 2017-18,Whole Year ,25,23,0.92
, 2018-19,Whole Year ,109,90,0.825688073394495
Total - Tobacco,,,6447,4462,0.692104854971305
Turmeric,,,,,
 1.BELLARY, 1997-98,Whole Year ,1,6,6
, 1998-99,Whole Year ,1,5,5
, 1999-00,Whole Year ,1,4,4
, 2000-01,Whole Year ,1,4,4
, 2001-02,Whole Year ,17,88,5.17647058823529
, 2002-03,Whole Year ,5,22,4.4
, 2003-04,Whole Year ,1,5,5
, 2004-05,Whole Year ,1,5,5
, 2007-08,Whole Year ,4,31,7.75
, 2011-12,Whole Year ,2,10,5
Total - Turmeric,,,34,180,5.29411764705882
Urad,,,,,
 1.BELLARY, 1999-00,Kharif     ,269,87,0.323420074349442
,,Rabi       ,107,40,0.373831775700935
,,Total,376,127,0.337765957446808
, 2000-01,Kharif     ,148,57,0.385135135135135
,,Rabi       ,85,30,0.352941176470588
,,Total,233,87,0.373390557939914
, 2001-02,Kharif     ,67,25,0.373134328358209
,,Rabi       ,184,69,0.375
,,Total,251,94,0.374501992031872
, 2002-03,Kharif     ,28,4,0.142857142857143
,,Rabi       ,105,12,0.114285714285714
,,Total,133,16,0.120300751879699
, 2003-04,Kharif     ,26,7,0.269230769230769
,,Rabi       ,34,18,0.529411764705882
,,Total,60,25,0.416666666666667
, 2004-05,Kharif     ,8,1,0.125
,,Rabi       ,53,18,0.339622641509434
,,Total,61,19,0.311475409836066
, 2005-06,Kharif     ,73,14,0.191780821917808
,,Rabi       ,80,38,0.475
,,Total,153,52,0.339869281045752
, 2006-07,Kharif     ,32,4,0.125
,,Rabi       ,170,89,0.523529411764706
,,Total,202,93,0.46039603960396
, 2007-08,Kharif     ,68,29,0.426470588235294
,,Rabi       ,115,45,0.391304347826087
,,Total,183,74,0.404371584699454
, 2008-09,Kharif     ,13,3,0.230769230769231
,,Rabi       ,126,55,0.436507936507936
,,Total,139,58,0.41726618705036
, 2009-10,Rabi       ,77,30,0.38961038961039
, 2010-11,Kharif     ,3,1,0.333333333333333
,,Rabi       ,64,30,0.46875
,,Total,67,31,0.462686567164179
, 2011-12,Rabi       ,73,37,0.506849315068493
, 2012-13,Kharif     ,16,8,0.5
,,Rabi       ,1,1,1
,,Total,17,9,0.529411764705882
, 2013-14,Rabi       ,23,13,0.565217391304348
, 2014-15,Kharif     ,124,35,0.282258064516129
, 2015-16,Kharif     ,67,17,0.253731343283582
,,Rabi       ,81,31,0.382716049382716
,,Summer     ,1081,541,0.500462534690102
,,Total,1229,589,0.479251423921888
, 2016-17,Kharif     ,242,118,0.487603305785124
,,Rabi       ,106,51,0.481132075471698
,,Summer     ,32,17,0.53125
,,Total,380,186,0.489473684210526
, 2017-18,Kharif     ,32,16,0.5
,,Rabi       ,16,7,0.4375
,,Total,48,23,0.479166666666667
, 2018-19,Kharif     ,13,6,0.461538461538462
,,Rabi       ,15,8,0.533333333333333
,,Summer     ,12,6,0.5
,,Total,40,20,0.5
Total - Urad,,,3869,1618,0.418195916257431
Wheat,,,,,
 1.BELLARY, 1997-98,Rabi       ,2900,1893,0.652758620689655
, 1998-99,Rabi       ,2382,2193,0.920654911838791
, 1999-00,Rabi       ,1909,1784,0.934520691461498
, 2000-01,Rabi       ,2658,2658,1
, 2001-02,Rabi       ,2201,2270,1.03134938664244
, 2002-03,Rabi       ,1077,843,0.782729805013928
, 2003-04,Rabi       ,990,707,0.714141414141414
, 2004-05,Rabi       ,848,768,0.905660377358491
, 2005-06,Rabi       ,1228,1341,1.09201954397394
, 2006-07,Rabi       ,889,798,0.89763779527559
, 2007-08,Rabi       ,1162,1226,1.05507745266781
, 2008-09,Rabi       ,1272,1444,1.13522012578616
, 2009-10,Rabi       ,1174,1051,0.895229982964225
, 2010-11,Rabi       ,1018,1658,1.6286836935167
, 2011-12,Rabi       ,653,938,1.4364471669219
, 2012-13,Rabi       ,576,401,0.696180555555556
, 2013-14,Rabi       ,328,346,1.05487804878049
, 2014-15,Rabi       ,263,344,1.30798479087452
, 2015-16,Rabi       ,114,214,1.87719298245614
, 2016-17,Rabi       ,77,10,0.12987012987013
, 2017-18,Rabi       ,582,767,1.31786941580756
, 2018-19,Rabi       ,23,19,0.826086956521739
Total - Wheat,,,24324,23673,0.973236309817464
