,District,Crop,Year,Season,Area(Hectare),Production(Tonnes),Yield,JANUARY_NDVI,FEBRUARY_NDVI,JUNE_NDVI,JULY_NDVI,AUGUST_NDVI,SEPTEMBER_NDVI,OCTOBER_NDVI,NOVEMBER_NDVI,DECEMBER_NDVI
0,RAMNAGARA, 1.RAMANAGARA, 2008-09,Whole Year ,2051.0,13813.0,6.73476352998537,0.468,0.392,0.482,0.431,0.451,0.629,0.675,0.64,0.588
1,RAMNAGARA, 1.RAMANAGARA, 2009-10,Whole Year ,2063.0,13894.0,6.73485215705284,0.465,0.388,0.5529999999999999,0.488,0.486,0.621,0.6729999999999999,0.609,0.5329999999999999
2,RAMNAGARA, 1.RAMANAGARA, 2010-11,Whole Year ,2330.0,25194.0,10.812875536480698,0.507,0.418,0.534,0.449,0.526,0.643,0.71,0.67,0.616
3,RAMNAGARA, 1.RAMANAGARA, 2011-12,Whole Year ,2331.0,18877.0,8.098241098241099,0.458,0.384,0.578,0.488,0.486,0.621,0.6729999999999999,0.609,0.56
4,RAMNAGARA, 1.RAMANAGARA, 2012-13,Whole Year ,1329.0,10666.0,8.02558314522197,0.402,0.365,0.462,0.395,0.485,0.4970000000000001,0.591,0.65,0.523
5,RAMNAGARA, 1.RAMANAGARA, 2013-14,Whole Year ,1274.0,14190.0,11.138147566719,0.4370000000000001,0.414,0.415,0.426,0.506,0.6859999999999999,0.6629999999999999,0.638,0.525
6,RAMNAGARA, 1.RAMANAGARA, 2014-15,Whole Year ,1452.0,13435.0,9.25275482093664,0.458,0.398,0.481,0.452,0.478,0.545,0.718,0.6859999999999999,0.5660000000000001
7,RAMNAGARA, 1.RAMANAGARA, 2015-16,Whole Year ,1736.0,17016.0,9.80184331797235,0.51,0.435,0.633,0.536,0.55,0.6829999999999999,0.71,0.696,0.675
8,RAMNAGARA, 1.RAMANAGARA, 2016-17,Whole Year ,1878.0,19077.0,10.158146964856199,0.474,0.409,0.4970000000000001,0.53,0.535,0.5539999999999999,0.5770000000000001,0.537,0.488
9,RAMNAGARA, 1.RAMANAGARA, 2017-18,Whole Year ,1878.0,20368.0,10.8455804046858,0.483,0.431,0.55,0.503,0.488,0.6920000000000001,0.732,0.675,0.589
10,RAMNAGARA, 1.RAMANAGARA, 2018-19,Whole Year ,1811.0,16170.0,8.92876863611265,0.46,0.429,0.608,0.509,0.517,0.653,0.6920000000000001,0.635,0.531
11,RAMNAGARA, 1.RAMANAGARA, 2008-09,Kharif     ,3748.0,2407.0,0.6422091782283891,0.468,0.392,0.482,0.431,0.451,0.629,0.675,0.64,0.588
12,RAMNAGARA, 1.RAMANAGARA, 2009-10,Kharif     ,3607.0,2700.0,0.7485444968117551,0.465,0.388,0.5529999999999999,0.488,0.486,0.621,0.6729999999999999,0.609,0.5329999999999999
13,RAMNAGARA, 1.RAMANAGARA, 2010-11,Kharif     ,3363.0,1444.0,0.42937853107344603,0.507,0.418,0.534,0.449,0.526,0.643,0.71,0.67,0.616
14,RAMNAGARA, 1.RAMANAGARA, 2011-12,Kharif     ,3210.0,2531.0,0.7884735202492209,0.458,0.384,0.578,0.488,0.486,0.621,0.6729999999999999,0.609,0.56
15,RAMNAGARA, 1.RAMANAGARA, 2012-13,Kharif     ,3559.0,2008.0,0.564203427929194,0.402,0.365,0.462,0.395,0.485,0.4970000000000001,0.591,0.65,0.523
16,RAMNAGARA, 1.RAMANAGARA, 2013-14,Kharif     ,5030.0,4654.0,0.925248508946322,0.4370000000000001,0.414,0.415,0.426,0.506,0.6859999999999999,0.6629999999999999,0.638,0.525
17,RAMNAGARA, 1.RAMANAGARA, 2014-15,Kharif     ,2468.0,1564.0,0.6337115072933549,0.458,0.398,0.481,0.452,0.478,0.545,0.718,0.6859999999999999,0.5660000000000001
18,RAMNAGARA, 1.RAMANAGARA, 2015-16,Kharif     ,3557.0,2774.0,0.77987067753725,0.51,0.435,0.633,0.536,0.55,0.6829999999999999,0.71,0.696,0.675
19,RAMNAGARA, 1.RAMANAGARA, 2016-17,Kharif     ,3275.0,1055.0,0.322137404580153,0.474,0.409,0.4970000000000001,0.53,0.535,0.5539999999999999,0.5770000000000001,0.537,0.488
20,RAMNAGARA, 1.RAMANAGARA, 2017-18,Kharif     ,3377.0,2416.0,0.715427894580989,0.483,0.431,0.55,0.503,0.488,0.6920000000000001,0.732,0.675,0.589
21,RAMNAGARA, 1.RAMANAGARA, 2018-19,Kharif     ,1379.0,760.0,0.551124002900653,0.46,0.429,0.608,0.509,0.517,0.653,0.6920000000000001,0.635,0.531
22,RAMNAGARA, 1.RAMANAGARA, 2013-14,Kharif     ,68.0,80.0,1.1764705882352902,0.4370000000000001,0.414,0.415,0.426,0.506,0.6859999999999999,0.6629999999999999,0.638,0.525
23,RAMNAGARA, 1.RAMANAGARA, 2014-15,Kharif     ,3.0,3.0,1.0,0.458,0.398,0.481,0.452,0.478,0.545,0.718,0.6859999999999999,0.5660000000000001
24,RAMNAGARA, 1.RAMANAGARA, 2015-16,Kharif     ,9.0,6.0,0.666666666666667,0.51,0.435,0.633,0.536,0.55,0.6829999999999999,0.71,0.696,0.675
25,RAMNAGARA, 1.RAMANAGARA, 2016-17,Kharif     ,9.0,9.0,1.0,0.474,0.409,0.4970000000000001,0.53,0.535,0.5539999999999999,0.5770000000000001,0.537,0.488
26,RAMNAGARA, 1.RAMANAGARA, 2017-18,Kharif     ,2.0,3.0,1.5,0.483,0.431,0.55,0.503,0.488,0.6920000000000001,0.732,0.675,0.589
27,RAMNAGARA, 1.RAMANAGARA, 2017-18,Summer     ,86.0,92.0,1.0697674418604701,0.483,0.431,0.55,0.503,0.488,0.6920000000000001,0.732,0.675,0.589
28,RAMNAGARA, 1.RAMANAGARA, 2018-19,Kharif     ,7.0,6.0,0.857142857142857,0.46,0.429,0.608,0.509,0.517,0.653,0.6920000000000001,0.635,0.531
29,RAMNAGARA, 1.RAMANAGARA, 2008-09,Whole Year ,3655.0,136649.0,37.3868673050616,0.468,0.392,0.482,0.431,0.451,0.629,0.675,0.64,0.588
30,RAMNAGARA, 1.RAMANAGARA, 2009-10,Whole Year ,3376.0,100865.0,29.8770734597156,0.465,0.388,0.5529999999999999,0.488,0.486,0.621,0.6729999999999999,0.609,0.5329999999999999
31,RAMNAGARA, 1.RAMANAGARA, 2010-11,Whole Year ,2127.0,64046.0,30.1109543958627,0.507,0.418,0.534,0.449,0.526,0.643,0.71,0.67,0.616
32,RAMNAGARA, 1.RAMANAGARA, 2011-12,Whole Year ,2163.0,71083.0,32.8631530282016,0.458,0.384,0.578,0.488,0.486,0.621,0.6729999999999999,0.609,0.56
33,RAMNAGARA, 1.RAMANAGARA, 2012-13,Whole Year ,19.0,54.0,2.84210526315789,0.402,0.365,0.462,0.395,0.485,0.4970000000000001,0.591,0.65,0.523
34,RAMNAGARA, 1.RAMANAGARA, 2013-14,Whole Year ,10.0,25.0,2.5,0.4370000000000001,0.414,0.415,0.426,0.506,0.6859999999999999,0.6629999999999999,0.638,0.525
35,RAMNAGARA, 1.RAMANAGARA, 2014-15,Whole Year ,11.0,6.5,0.590909090909091,0.458,0.398,0.481,0.452,0.478,0.545,0.718,0.6859999999999999,0.5660000000000001
36,RAMNAGARA, 1.RAMANAGARA, 2015-16,Whole Year ,10.0,7.7,0.77,0.51,0.435,0.633,0.536,0.55,0.6829999999999999,0.71,0.696,0.675
37,RAMNAGARA, 1.RAMANAGARA, 2016-17,Whole Year ,6.0,3.6,0.6,0.474,0.409,0.4970000000000001,0.53,0.535,0.5539999999999999,0.5770000000000001,0.537,0.488
38,RAMNAGARA, 1.RAMANAGARA, 2017-18,Whole Year ,6.0,3.9,0.65,0.483,0.431,0.55,0.503,0.488,0.6920000000000001,0.732,0.675,0.589
39,RAMNAGARA, 1.RAMANAGARA, 2009-10,Whole Year ,18.0,14.0,0.7777777777777779,0.465,0.388,0.5529999999999999,0.488,0.486,0.621,0.6729999999999999,0.609,0.5329999999999999
40,RAMNAGARA, 1.RAMANAGARA, 2010-11,Whole Year ,2.0,1.0,0.5,0.507,0.418,0.534,0.449,0.526,0.643,0.71,0.67,0.616
41,RAMNAGARA, 1.RAMANAGARA, 2011-12,Whole Year ,1.0,1.0,1.0,0.458,0.384,0.578,0.488,0.486,0.621,0.6729999999999999,0.609,0.56
42,RAMNAGARA, 1.RAMANAGARA, 2012-13,Whole Year ,2.0,2.0,1.0,0.402,0.365,0.462,0.395,0.485,0.4970000000000001,0.591,0.65,0.523
43,RAMNAGARA, 1.RAMANAGARA, 2013-14,Whole Year ,2.0,2.0,1.0,0.4370000000000001,0.414,0.415,0.426,0.506,0.6859999999999999,0.6629999999999999,0.638,0.525
44,RAMNAGARA, 1.RAMANAGARA, 2014-15,Whole Year ,2.0,1.0,0.5,0.458,0.398,0.481,0.452,0.478,0.545,0.718,0.6859999999999999,0.5660000000000001
45,RAMNAGARA, 1.RAMANAGARA, 2018-19,Whole Year ,16.0,19.0,1.1875,0.46,0.429,0.608,0.509,0.517,0.653,0.6920000000000001,0.635,0.531
46,RAMNAGARA, 1.RAMANAGARA, 2008-09,Kharif     ,1754.0,3541.0,2.0188141391106003,0.468,0.392,0.482,0.431,0.451,0.629,0.675,0.64,0.588
47,RAMNAGARA, 1.RAMANAGARA, 2009-10,Kharif     ,1892.0,2056.0,1.08668076109937,0.465,0.388,0.5529999999999999,0.488,0.486,0.621,0.6729999999999999,0.609,0.5329999999999999
48,RAMNAGARA, 1.RAMANAGARA, 2010-11,Kharif     ,1651.0,2121.0,1.28467595396729,0.507,0.418,0.534,0.449,0.526,0.643,0.71,0.67,0.616
49,RAMNAGARA, 1.RAMANAGARA, 2011-12,Kharif     ,1441.0,3402.0,2.3608605135322698,0.458,0.384,0.578,0.488,0.486,0.621,0.6729999999999999,0.609,0.56
50,RAMNAGARA, 1.RAMANAGARA, 2012-13,Kharif     ,892.0,1447.0,1.62219730941704,0.402,0.365,0.462,0.395,0.485,0.4970000000000001,0.591,0.65,0.523
51,RAMNAGARA, 1.RAMANAGARA, 2013-14,Kharif     ,1511.0,3563.0,2.3580410324288597,0.4370000000000001,0.414,0.415,0.426,0.506,0.6859999999999999,0.6629999999999999,0.638,0.525
52,RAMNAGARA, 1.RAMANAGARA, 2014-15,Kharif     ,1001.0,888.0,0.887112887112887,0.458,0.398,0.481,0.452,0.478,0.545,0.718,0.6859999999999999,0.5660000000000001
53,RAMNAGARA, 1.RAMANAGARA, 2015-16,Kharif     ,915.0,710.0,0.775956284153005,0.51,0.435,0.633,0.536,0.55,0.6829999999999999,0.71,0.696,0.675
54,RAMNAGARA, 1.RAMANAGARA, 2016-17,Kharif     ,1253.0,888.0,0.708699122106943,0.474,0.409,0.4970000000000001,0.53,0.535,0.5539999999999999,0.5770000000000001,0.537,0.488
55,RAMNAGARA, 1.RAMANAGARA, 2017-18,Kharif     ,2105.0,1656.0,0.786698337292162,0.483,0.431,0.55,0.503,0.488,0.6920000000000001,0.732,0.675,0.589
56,RAMNAGARA, 1.RAMANAGARA, 2018-19,Kharif     ,149.0,93.0,0.6241610738255029,0.46,0.429,0.608,0.509,0.517,0.653,0.6920000000000001,0.635,0.531
57,RAMNAGARA, 1.RAMANAGARA, 2008-09,Whole Year ,13861.0,92242000.0,6654.78681191833,0.468,0.392,0.482,0.431,0.451,0.629,0.675,0.64,0.588
58,RAMNAGARA, 1.RAMANAGARA, 2009-10,Whole Year ,14328.0,101875000.0,7110.203796761591,0.465,0.388,0.5529999999999999,0.488,0.486,0.621,0.6729999999999999,0.609,0.5329999999999999
59,RAMNAGARA, 1.RAMANAGARA, 2010-11,Whole Year ,14982.0,143220000.0,9559.47136563877,0.507,0.418,0.534,0.449,0.526,0.643,0.71,0.67,0.616
60,RAMNAGARA, 1.RAMANAGARA, 2011-12,Whole Year ,14532.0,168554000.0,11598.816405174799,0.458,0.384,0.578,0.488,0.486,0.621,0.6729999999999999,0.609,0.56
61,RAMNAGARA, 1.RAMANAGARA, 2012-13,Whole Year ,14014.0,162546000.0,11598.829741686899,0.402,0.365,0.462,0.395,0.485,0.4970000000000001,0.591,0.65,0.523
62,RAMNAGARA, 1.RAMANAGARA, 2013-14,Whole Year ,13637.0,108194000.0,7933.85642003373,0.4370000000000001,0.414,0.415,0.426,0.506,0.6859999999999999,0.6629999999999999,0.638,0.525
63,RAMNAGARA, 1.RAMANAGARA, 2014-15,Whole Year ,15056.0,167850000.0,11148.3793836344,0.458,0.398,0.481,0.452,0.478,0.545,0.718,0.6859999999999999,0.5660000000000001
64,RAMNAGARA, 1.RAMANAGARA, 2015-16,Whole Year ,18242.0,142779000.0,7826.937835763621,0.51,0.435,0.633,0.536,0.55,0.6829999999999999,0.71,0.696,0.675
65,RAMNAGARA, 1.RAMANAGARA, 2016-17,Whole Year ,20052.0,128360000.0,6401.356473169761,0.474,0.409,0.4970000000000001,0.53,0.535,0.5539999999999999,0.5770000000000001,0.537,0.488
66,RAMNAGARA, 1.RAMANAGARA, 2017-18,Whole Year ,21901.0,138873000.0,6340.94333592073,0.483,0.431,0.55,0.503,0.488,0.6920000000000001,0.732,0.675,0.589
67,RAMNAGARA, 1.RAMANAGARA, 2018-19,Whole Year ,30244.0,155786000.0,5150.97209363841,0.46,0.429,0.608,0.509,0.517,0.653,0.6920000000000001,0.635,0.531
68,RAMNAGARA, 1.RAMANAGARA, 2012-13,Whole Year ,2.0,1.0,0.5,0.402,0.365,0.462,0.395,0.485,0.4970000000000001,0.591,0.65,0.523
69,RAMNAGARA, 1.RAMANAGARA, 2014-15,Whole Year ,2.0,1.0,0.5,0.458,0.398,0.481,0.452,0.478,0.545,0.718,0.6859999999999999,0.5660000000000001
70,RAMNAGARA, 1.RAMANAGARA, 2015-16,Whole Year ,1.0,,0.0,0.51,0.435,0.633,0.536,0.55,0.6829999999999999,0.71,0.696,0.675
71,RAMNAGARA, 1.RAMANAGARA, 2017-18,Whole Year ,2.0,1.0,0.5,0.483,0.431,0.55,0.503,0.488,0.6920000000000001,0.732,0.675,0.589
72,RAMNAGARA, 1.RAMANAGARA, 2018-19,Whole Year ,2.0,2.0,1.0,0.46,0.429,0.608,0.509,0.517,0.653,0.6920000000000001,0.635,0.531
73,RAMNAGARA, 1.RAMANAGARA, 2015-16,Kharif     ,1.0,2.0,2.0,0.51,0.435,0.633,0.536,0.55,0.6829999999999999,0.71,0.696,0.675
74,RAMNAGARA, 1.RAMANAGARA, 2016-17,Kharif     ,1.0,2.0,2.0,0.474,0.409,0.4970000000000001,0.53,0.535,0.5539999999999999,0.5770000000000001,0.537,0.488
75,RAMNAGARA, 1.RAMANAGARA, 2018-19,Kharif     ,1.0,2.0,2.0,0.46,0.429,0.608,0.509,0.517,0.653,0.6920000000000001,0.635,0.531
76,RAMNAGARA, 1.RAMANAGARA, 2018-19,Rabi       ,23.0,6.0,0.260869565217391,0.46,0.429,0.608,0.509,0.517,0.653,0.6920000000000001,0.635,0.531
77,RAMNAGARA, 1.RAMANAGARA, 2011-12,Kharif     ,1996.0,2585.0,1.29509018036072,0.458,0.384,0.578,0.488,0.486,0.621,0.6729999999999999,0.609,0.56
78,RAMNAGARA, 1.RAMANAGARA, 2011-12,Rabi       ,12.0,4.0,0.33333333333333304,0.458,0.384,0.578,0.488,0.486,0.621,0.6729999999999999,0.609,0.56
79,RAMNAGARA, 1.RAMANAGARA, 2012-13,Kharif     ,1154.0,724.0,0.6273830155979201,0.402,0.365,0.462,0.395,0.485,0.4970000000000001,0.591,0.65,0.523
80,RAMNAGARA, 1.RAMANAGARA, 2013-14,Kharif     ,1327.0,495.0,0.37302185380557595,0.4370000000000001,0.414,0.415,0.426,0.506,0.6859999999999999,0.6629999999999999,0.638,0.525
81,RAMNAGARA, 1.RAMANAGARA, 2014-15,Kharif     ,1160.0,1697.0,1.4629310344827602,0.458,0.398,0.481,0.452,0.478,0.545,0.718,0.6859999999999999,0.5660000000000001
82,RAMNAGARA, 1.RAMANAGARA, 2015-16,Kharif     ,2909.0,3816.0,1.31179099346855,0.51,0.435,0.633,0.536,0.55,0.6829999999999999,0.71,0.696,0.675
83,RAMNAGARA, 1.RAMANAGARA, 2016-17,Kharif     ,2656.0,3449.0,1.29856927710843,0.474,0.409,0.4970000000000001,0.53,0.535,0.5539999999999999,0.5770000000000001,0.537,0.488
84,RAMNAGARA, 1.RAMANAGARA, 2017-18,Kharif     ,1630.0,904.0,0.554601226993865,0.483,0.431,0.55,0.503,0.488,0.6920000000000001,0.732,0.675,0.589
85,RAMNAGARA, 1.RAMANAGARA, 2017-18,Rabi       ,4.0,2.0,0.5,0.483,0.431,0.55,0.503,0.488,0.6920000000000001,0.732,0.675,0.589
86,RAMNAGARA, 1.RAMANAGARA, 2018-19,Kharif     ,292.0,98.0,0.335616438356164,0.46,0.429,0.608,0.509,0.517,0.653,0.6920000000000001,0.635,0.531
87,RAMNAGARA, 1.RAMANAGARA, 2008-09,Kharif     ,529.0,491.0,0.928166351606805,0.468,0.392,0.482,0.431,0.451,0.629,0.675,0.64,0.588
88,RAMNAGARA, 1.RAMANAGARA, 2008-09,Rabi       ,25.0,42.0,1.68,0.468,0.392,0.482,0.431,0.451,0.629,0.675,0.64,0.588
89,RAMNAGARA, 1.RAMANAGARA, 2008-09,Summer     ,7.0,23.0,3.28571428571429,0.468,0.392,0.482,0.431,0.451,0.629,0.675,0.64,0.588
90,RAMNAGARA, 1.RAMANAGARA, 2009-10,Rabi       ,18.0,54.0,3.0,0.465,0.388,0.5529999999999999,0.488,0.486,0.621,0.6729999999999999,0.609,0.5329999999999999
91,RAMNAGARA, 1.RAMANAGARA, 2010-11,Kharif     ,485.0,399.0,0.822680412371134,0.507,0.418,0.534,0.449,0.526,0.643,0.71,0.67,0.616
92,RAMNAGARA, 1.RAMANAGARA, 2010-11,Rabi       ,13.0,35.0,2.69230769230769,0.507,0.418,0.534,0.449,0.526,0.643,0.71,0.67,0.616
93,RAMNAGARA, 1.RAMANAGARA, 2011-12,Kharif     ,602.0,486.0,0.807308970099668,0.458,0.384,0.578,0.488,0.486,0.621,0.6729999999999999,0.609,0.56
94,RAMNAGARA, 1.RAMANAGARA, 2012-13,Kharif     ,455.0,417.0,0.916483516483516,0.402,0.365,0.462,0.395,0.485,0.4970000000000001,0.591,0.65,0.523
95,RAMNAGARA, 1.RAMANAGARA, 2013-14,Kharif     ,484.0,537.0,1.1095041322314099,0.4370000000000001,0.414,0.415,0.426,0.506,0.6859999999999999,0.6629999999999999,0.638,0.525
96,RAMNAGARA, 1.RAMANAGARA, 2013-14,Rabi       ,1.0,2.0,2.0,0.4370000000000001,0.414,0.415,0.426,0.506,0.6859999999999999,0.6629999999999999,0.638,0.525
97,RAMNAGARA, 1.RAMANAGARA, 2014-15,Kharif     ,484.0,548.0,1.13223140495868,0.458,0.398,0.481,0.452,0.478,0.545,0.718,0.6859999999999999,0.5660000000000001
98,RAMNAGARA, 1.RAMANAGARA, 2014-15,Rabi       ,2.0,4.0,2.0,0.458,0.398,0.481,0.452,0.478,0.545,0.718,0.6859999999999999,0.5660000000000001
99,RAMNAGARA, 1.RAMANAGARA, 2015-16,Kharif     ,492.0,427.0,0.8678861788617891,0.51,0.435,0.633,0.536,0.55,0.6829999999999999,0.71,0.696,0.675
100,RAMNAGARA, 1.RAMANAGARA, 2016-17,Kharif     ,520.0,270.0,0.5192307692307689,0.474,0.409,0.4970000000000001,0.53,0.535,0.5539999999999999,0.5770000000000001,0.537,0.488
101,RAMNAGARA, 1.RAMANAGARA, 2016-17,Summer     ,2.0,5.0,2.5,0.474,0.409,0.4970000000000001,0.53,0.535,0.5539999999999999,0.5770000000000001,0.537,0.488
102,RAMNAGARA, 1.RAMANAGARA, 2017-18,Kharif     ,322.0,346.0,1.07453416149068,0.483,0.431,0.55,0.503,0.488,0.6920000000000001,0.732,0.675,0.589
103,RAMNAGARA, 1.RAMANAGARA, 2017-18,Summer     ,4.0,9.0,2.25,0.483,0.431,0.55,0.503,0.488,0.6920000000000001,0.732,0.675,0.589
104,RAMNAGARA, 1.RAMANAGARA, 2012-13,Whole Year ,2.0,3.0,1.5,0.402,0.365,0.462,0.395,0.485,0.4970000000000001,0.591,0.65,0.523
105,RAMNAGARA, 1.RAMANAGARA, 2013-14,Whole Year ,1.0,1.0,1.0,0.4370000000000001,0.414,0.415,0.426,0.506,0.6859999999999999,0.6629999999999999,0.638,0.525
106,RAMNAGARA, 1.RAMANAGARA, 2014-15,Whole Year ,1.0,1.0,1.0,0.458,0.398,0.481,0.452,0.478,0.545,0.718,0.6859999999999999,0.5660000000000001
107,RAMNAGARA, 1.RAMANAGARA, 2015-16,Whole Year ,1.0,1.0,1.0,0.51,0.435,0.633,0.536,0.55,0.6829999999999999,0.71,0.696,0.675
108,RAMNAGARA, 1.RAMANAGARA, 2016-17,Whole Year ,4.0,3.0,0.75,0.474,0.409,0.4970000000000001,0.53,0.535,0.5539999999999999,0.5770000000000001,0.537,0.488
109,RAMNAGARA, 1.RAMANAGARA, 2017-18,Whole Year ,5.0,4.0,0.8,0.483,0.431,0.55,0.503,0.488,0.6920000000000001,0.732,0.675,0.589
110,RAMNAGARA, 1.RAMANAGARA, 2018-19,Whole Year ,2.0,13.0,6.5,0.46,0.429,0.608,0.509,0.517,0.653,0.6920000000000001,0.635,0.531
111,RAMNAGARA, 1.RAMANAGARA, 2008-09,Whole Year ,4.0,127.0,31.75,0.468,0.392,0.482,0.431,0.451,0.629,0.675,0.64,0.588
112,RAMNAGARA, 1.RAMANAGARA, 2009-10,Whole Year ,6.0,189.0,31.5,0.465,0.388,0.5529999999999999,0.488,0.486,0.621,0.6729999999999999,0.609,0.5329999999999999
113,RAMNAGARA, 1.RAMANAGARA, 2011-12,Whole Year ,9.0,28.6,3.17777777777778,0.458,0.384,0.578,0.488,0.486,0.621,0.6729999999999999,0.609,0.56
114,RAMNAGARA, 1.RAMANAGARA, 2012-13,Whole Year ,7.0,223.0,31.857142857142897,0.402,0.365,0.462,0.395,0.485,0.4970000000000001,0.591,0.65,0.523
115,RAMNAGARA, 1.RAMANAGARA, 2013-14,Whole Year ,2.0,55.0,27.5,0.4370000000000001,0.414,0.415,0.426,0.506,0.6859999999999999,0.6629999999999999,0.638,0.525
116,RAMNAGARA, 1.RAMANAGARA, 2014-15,Whole Year ,3.0,87.0,29.0,0.458,0.398,0.481,0.452,0.478,0.545,0.718,0.6859999999999999,0.5660000000000001
117,RAMNAGARA, 1.RAMANAGARA, 2015-16,Whole Year ,20.0,747.0,37.35,0.51,0.435,0.633,0.536,0.55,0.6829999999999999,0.71,0.696,0.675
118,RAMNAGARA, 1.RAMANAGARA, 2016-17,Whole Year ,7.0,177.0,25.285714285714302,0.474,0.409,0.4970000000000001,0.53,0.535,0.5539999999999999,0.5770000000000001,0.537,0.488
119,RAMNAGARA, 1.RAMANAGARA, 2017-18,Whole Year ,33.0,852.0,25.818181818181802,0.483,0.431,0.55,0.503,0.488,0.6920000000000001,0.732,0.675,0.589
120,RAMNAGARA, 1.RAMANAGARA, 2018-19,Whole Year ,11.0,169.3,15.3909090909091,0.46,0.429,0.608,0.509,0.517,0.653,0.6920000000000001,0.635,0.531
121,RAMNAGARA, 1.RAMANAGARA, 2009-10,Kharif     ,4067.0,1758.0,0.432259650848291,0.465,0.388,0.5529999999999999,0.488,0.486,0.621,0.6729999999999999,0.609,0.5329999999999999
122,RAMNAGARA, 1.RAMANAGARA, 2009-10,Rabi       ,3536.0,1821.0,0.5149886877828049,0.465,0.388,0.5529999999999999,0.488,0.486,0.621,0.6729999999999999,0.609,0.5329999999999999
123,RAMNAGARA, 1.RAMANAGARA, 2012-13,Rabi       ,55.0,35.0,0.6363636363636359,0.402,0.365,0.462,0.395,0.485,0.4970000000000001,0.591,0.65,0.523
124,RAMNAGARA, 1.RAMANAGARA, 2013-14,Rabi       ,35.0,27.0,0.7714285714285709,0.4370000000000001,0.414,0.415,0.426,0.506,0.6859999999999999,0.6629999999999999,0.638,0.525
125,RAMNAGARA, 1.RAMANAGARA, 2014-15,Rabi       ,18.0,13.0,0.7222222222222221,0.458,0.398,0.481,0.452,0.478,0.545,0.718,0.6859999999999999,0.5660000000000001
126,RAMNAGARA, 1.RAMANAGARA, 2015-16,Rabi       ,9.0,3.0,0.33333333333333304,0.51,0.435,0.633,0.536,0.55,0.6829999999999999,0.71,0.696,0.675
127,RAMNAGARA, 1.RAMANAGARA, 2018-19,Rabi       ,70.0,34.0,0.48571428571428604,0.46,0.429,0.608,0.509,0.517,0.653,0.6920000000000001,0.635,0.531
128,RAMNAGARA, 1.RAMANAGARA, 2018-19,Rabi       ,20.0,17.0,0.85,0.46,0.429,0.608,0.509,0.517,0.653,0.6920000000000001,0.635,0.531
129,RAMNAGARA, 1.RAMANAGARA, 2008-09,Kharif     ,7723.0,3903.0,0.505373559497605,0.468,0.392,0.482,0.431,0.451,0.629,0.675,0.64,0.588
130,RAMNAGARA, 1.RAMANAGARA, 2008-09,Rabi       ,52.0,39.0,0.75,0.468,0.392,0.482,0.431,0.451,0.629,0.675,0.64,0.588
131,RAMNAGARA, 1.RAMANAGARA, 2009-10,Kharif     ,7464.0,5368.0,0.7191854233654879,0.465,0.388,0.5529999999999999,0.488,0.486,0.621,0.6729999999999999,0.609,0.5329999999999999
132,RAMNAGARA, 1.RAMANAGARA, 2009-10,Rabi       ,77.0,60.0,0.779220779220779,0.465,0.388,0.5529999999999999,0.488,0.486,0.621,0.6729999999999999,0.609,0.5329999999999999
133,RAMNAGARA, 1.RAMANAGARA, 2010-11,Kharif     ,4204.0,4521.0,1.07540437678402,0.507,0.418,0.534,0.449,0.526,0.643,0.71,0.67,0.616
134,RAMNAGARA, 1.RAMANAGARA, 2010-11,Rabi       ,71.0,83.0,1.16901408450704,0.507,0.418,0.534,0.449,0.526,0.643,0.71,0.67,0.616
135,RAMNAGARA, 1.RAMANAGARA, 2011-12,Kharif     ,4700.0,4401.0,0.9363829787234041,0.458,0.384,0.578,0.488,0.486,0.621,0.6729999999999999,0.609,0.56
136,RAMNAGARA, 1.RAMANAGARA, 2011-12,Rabi       ,24.0,20.0,0.833333333333333,0.458,0.384,0.578,0.488,0.486,0.621,0.6729999999999999,0.609,0.56
137,RAMNAGARA, 1.RAMANAGARA, 2012-13,Kharif     ,3168.0,2387.0,0.7534722222222221,0.402,0.365,0.462,0.395,0.485,0.4970000000000001,0.591,0.65,0.523
138,RAMNAGARA, 1.RAMANAGARA, 2012-13,Summer     ,5.0,4.0,0.8,0.402,0.365,0.462,0.395,0.485,0.4970000000000001,0.591,0.65,0.523
139,RAMNAGARA, 1.RAMANAGARA, 2013-14,Kharif     ,5588.0,7342.0,1.31388690050107,0.4370000000000001,0.414,0.415,0.426,0.506,0.6859999999999999,0.6629999999999999,0.638,0.525
140,RAMNAGARA, 1.RAMANAGARA, 2013-14,Summer     ,38.0,34.0,0.8947368421052628,0.4370000000000001,0.414,0.415,0.426,0.506,0.6859999999999999,0.6629999999999999,0.638,0.525
141,RAMNAGARA, 1.RAMANAGARA, 2014-15,Kharif     ,3648.0,4332.0,1.1875,0.458,0.398,0.481,0.452,0.478,0.545,0.718,0.6859999999999999,0.5660000000000001
142,RAMNAGARA, 1.RAMANAGARA, 2014-15,Summer     ,42.0,36.0,0.857142857142857,0.458,0.398,0.481,0.452,0.478,0.545,0.718,0.6859999999999999,0.5660000000000001
143,RAMNAGARA, 1.RAMANAGARA, 2015-16,Kharif     ,3307.0,4756.0,1.4381614756577,0.51,0.435,0.633,0.536,0.55,0.6829999999999999,0.71,0.696,0.675
144,RAMNAGARA, 1.RAMANAGARA, 2016-17,Kharif     ,2527.0,2713.0,1.07360506529482,0.474,0.409,0.4970000000000001,0.53,0.535,0.5539999999999999,0.5770000000000001,0.537,0.488
145,RAMNAGARA, 1.RAMANAGARA, 2017-18,Kharif     ,1510.0,1819.0,1.2046357615894,0.483,0.431,0.55,0.503,0.488,0.6920000000000001,0.732,0.675,0.589
146,RAMNAGARA, 1.RAMANAGARA, 2018-19,Kharif     ,1169.0,1273.0,1.08896492728828,0.46,0.429,0.608,0.509,0.517,0.653,0.6920000000000001,0.635,0.531
147,RAMNAGARA, 1.RAMANAGARA, 2018-19,Rabi       ,3887.0,2223.0,0.57190635451505,0.46,0.429,0.608,0.509,0.517,0.653,0.6920000000000001,0.635,0.531
148,RAMNAGARA, 1.RAMANAGARA, 2008-09,Kharif     ,3763.0,1970.0,0.523518469306404,0.468,0.392,0.482,0.431,0.451,0.629,0.675,0.64,0.588
149,RAMNAGARA, 1.RAMANAGARA, 2008-09,Rabi       ,4321.0,1979.0,0.45799583429761603,0.468,0.392,0.482,0.431,0.451,0.629,0.675,0.64,0.588
150,RAMNAGARA, 1.RAMANAGARA, 2009-10,Kharif     ,4067.0,1758.0,0.432259650848291,0.465,0.388,0.5529999999999999,0.488,0.486,0.621,0.6729999999999999,0.609,0.5329999999999999
151,RAMNAGARA, 1.RAMANAGARA, 2009-10,Rabi       ,3536.0,1821.0,0.5149886877828049,0.465,0.388,0.5529999999999999,0.488,0.486,0.621,0.6729999999999999,0.609,0.5329999999999999
152,RAMNAGARA, 1.RAMANAGARA, 2010-11,Kharif     ,4318.0,3319.0,0.7686428902269571,0.507,0.418,0.534,0.449,0.526,0.643,0.71,0.67,0.616
153,RAMNAGARA, 1.RAMANAGARA, 2010-11,Rabi       ,3970.0,3711.0,0.9347607052896729,0.507,0.418,0.534,0.449,0.526,0.643,0.71,0.67,0.616
154,RAMNAGARA, 1.RAMANAGARA, 2011-12,Kharif     ,4584.0,3828.0,0.8350785340314141,0.458,0.384,0.578,0.488,0.486,0.621,0.6729999999999999,0.609,0.56
155,RAMNAGARA, 1.RAMANAGARA, 2011-12,Rabi       ,3205.0,2305.0,0.719188767550702,0.458,0.384,0.578,0.488,0.486,0.621,0.6729999999999999,0.609,0.56
156,RAMNAGARA, 1.RAMANAGARA, 2012-13,Kharif     ,4694.0,2698.0,0.574776310183213,0.402,0.365,0.462,0.395,0.485,0.4970000000000001,0.591,0.65,0.523
157,RAMNAGARA, 1.RAMANAGARA, 2012-13,Rabi       ,2782.0,1575.0,0.566139468008627,0.402,0.365,0.462,0.395,0.485,0.4970000000000001,0.591,0.65,0.523
158,RAMNAGARA, 1.RAMANAGARA, 2013-14,Kharif     ,7356.0,5996.0,0.815116911364872,0.4370000000000001,0.414,0.415,0.426,0.506,0.6859999999999999,0.6629999999999999,0.638,0.525
159,RAMNAGARA, 1.RAMANAGARA, 2013-14,Rabi       ,2810.0,1839.0,0.6544483985765122,0.4370000000000001,0.414,0.415,0.426,0.506,0.6859999999999999,0.6629999999999999,0.638,0.525
160,RAMNAGARA, 1.RAMANAGARA, 2014-15,Kharif     ,5299.0,3182.0,0.600490658614833,0.458,0.398,0.481,0.452,0.478,0.545,0.718,0.6859999999999999,0.5660000000000001
161,RAMNAGARA, 1.RAMANAGARA, 2014-15,Rabi       ,2154.0,1512.0,0.7019498607242339,0.458,0.398,0.481,0.452,0.478,0.545,0.718,0.6859999999999999,0.5660000000000001
162,RAMNAGARA, 1.RAMANAGARA, 2015-16,Kharif     ,5744.0,4295.0,0.747736768802228,0.51,0.435,0.633,0.536,0.55,0.6829999999999999,0.71,0.696,0.675
163,RAMNAGARA, 1.RAMANAGARA, 2015-16,Rabi       ,3300.0,2693.0,0.8160606060606059,0.51,0.435,0.633,0.536,0.55,0.6829999999999999,0.71,0.696,0.675
164,RAMNAGARA, 1.RAMANAGARA, 2016-17,Kharif     ,2075.0,564.0,0.271807228915663,0.474,0.409,0.4970000000000001,0.53,0.535,0.5539999999999999,0.5770000000000001,0.537,0.488
165,RAMNAGARA, 1.RAMANAGARA, 2016-17,Rabi       ,8501.0,727.0,0.0855193506646277,0.474,0.409,0.4970000000000001,0.53,0.535,0.5539999999999999,0.5770000000000001,0.537,0.488
166,RAMNAGARA, 1.RAMANAGARA, 2017-18,Kharif     ,2848.0,1878.0,0.659410112359551,0.483,0.431,0.55,0.503,0.488,0.6920000000000001,0.732,0.675,0.589
167,RAMNAGARA, 1.RAMANAGARA, 2017-18,Rabi       ,4086.0,1704.0,0.41703377386196794,0.483,0.431,0.55,0.503,0.488,0.6920000000000001,0.732,0.675,0.589
168,RAMNAGARA, 1.RAMANAGARA, 2018-19,Kharif     ,3020.0,1532.0,0.5072847682119199,0.46,0.429,0.608,0.509,0.517,0.653,0.6920000000000001,0.635,0.531
169,RAMNAGARA, 1.RAMANAGARA, 2018-19,Rabi       ,4292.0,2283.0,0.531919850885368,0.46,0.429,0.608,0.509,0.517,0.653,0.6920000000000001,0.635,0.531
170,RAMNAGARA, 1.RAMANAGARA, 2018-19,Kharif     ,1703.0,2336.0,1.37169700528479,0.46,0.429,0.608,0.509,0.517,0.653,0.6920000000000001,0.635,0.531
171,RAMNAGARA, 1.RAMANAGARA, 2018-19,Rabi       ,60.0,214.0,3.56666666666667,0.46,0.429,0.608,0.509,0.517,0.653,0.6920000000000001,0.635,0.531
172,RAMNAGARA, 1.RAMANAGARA, 2018-19,Summer     ,146.0,471.0,3.22602739726027,0.46,0.429,0.608,0.509,0.517,0.653,0.6920000000000001,0.635,0.531
173,RAMNAGARA, 1.RAMANAGARA, 2008-09,Kharif     ,1754.0,5374.0,3.0638540478905396,0.468,0.392,0.482,0.431,0.451,0.629,0.675,0.64,0.588
174,RAMNAGARA, 1.RAMANAGARA, 2008-09,Rabi       ,100.0,315.0,3.15,0.468,0.392,0.482,0.431,0.451,0.629,0.675,0.64,0.588
175,RAMNAGARA, 1.RAMANAGARA, 2008-09,Summer     ,146.0,459.0,3.1438356164383596,0.468,0.392,0.482,0.431,0.451,0.629,0.675,0.64,0.588
176,RAMNAGARA, 1.RAMANAGARA, 2009-10,Kharif     ,1646.0,6845.0,4.15856622114216,0.465,0.388,0.5529999999999999,0.488,0.486,0.621,0.6729999999999999,0.609,0.5329999999999999
177,RAMNAGARA, 1.RAMANAGARA, 2009-10,Rabi       ,85.0,224.0,2.63529411764706,0.465,0.388,0.5529999999999999,0.488,0.486,0.621,0.6729999999999999,0.609,0.5329999999999999
178,RAMNAGARA, 1.RAMANAGARA, 2009-10,Summer     ,262.0,717.0,2.73664122137405,0.465,0.388,0.5529999999999999,0.488,0.486,0.621,0.6729999999999999,0.609,0.5329999999999999
179,RAMNAGARA, 1.RAMANAGARA, 2010-11,Kharif     ,1134.0,5367.0,4.732804232804231,0.507,0.418,0.534,0.449,0.526,0.643,0.71,0.67,0.616
180,RAMNAGARA, 1.RAMANAGARA, 2010-11,Rabi       ,200.0,589.0,2.945,0.507,0.418,0.534,0.449,0.526,0.643,0.71,0.67,0.616
181,RAMNAGARA, 1.RAMANAGARA, 2010-11,Summer     ,391.0,1330.0,3.40153452685422,0.507,0.418,0.534,0.449,0.526,0.643,0.71,0.67,0.616
182,RAMNAGARA, 1.RAMANAGARA, 2011-12,Kharif     ,1959.0,6797.0,3.46962736089842,0.458,0.384,0.578,0.488,0.486,0.621,0.6729999999999999,0.609,0.56
183,RAMNAGARA, 1.RAMANAGARA, 2011-12,Rabi       ,131.0,482.0,3.6793893129771,0.458,0.384,0.578,0.488,0.486,0.621,0.6729999999999999,0.609,0.56
184,RAMNAGARA, 1.RAMANAGARA, 2011-12,Summer     ,299.0,1019.0,3.40802675585284,0.458,0.384,0.578,0.488,0.486,0.621,0.6729999999999999,0.609,0.56
185,RAMNAGARA, 1.RAMANAGARA, 2012-13,Kharif     ,2988.0,10784.0,3.6091030789826,0.402,0.365,0.462,0.395,0.485,0.4970000000000001,0.591,0.65,0.523
186,RAMNAGARA, 1.RAMANAGARA, 2012-13,Rabi       ,134.0,550.0,4.1044776119402995,0.402,0.365,0.462,0.395,0.485,0.4970000000000001,0.591,0.65,0.523
187,RAMNAGARA, 1.RAMANAGARA, 2012-13,Summer     ,262.0,900.0,3.43511450381679,0.402,0.365,0.462,0.395,0.485,0.4970000000000001,0.591,0.65,0.523
188,RAMNAGARA, 1.RAMANAGARA, 2013-14,Kharif     ,4270.0,18323.0,4.291100702576109,0.4370000000000001,0.414,0.415,0.426,0.506,0.6859999999999999,0.6629999999999999,0.638,0.525
189,RAMNAGARA, 1.RAMANAGARA, 2013-14,Rabi       ,104.0,391.0,3.75961538461538,0.4370000000000001,0.414,0.415,0.426,0.506,0.6859999999999999,0.6629999999999999,0.638,0.525
190,RAMNAGARA, 1.RAMANAGARA, 2013-14,Summer     ,304.0,986.0,3.24342105263158,0.4370000000000001,0.414,0.415,0.426,0.506,0.6859999999999999,0.6629999999999999,0.638,0.525
191,RAMNAGARA, 1.RAMANAGARA, 2014-15,Kharif     ,2084.0,8262.0,3.96449136276392,0.458,0.398,0.481,0.452,0.478,0.545,0.718,0.6859999999999999,0.5660000000000001
192,RAMNAGARA, 1.RAMANAGARA, 2014-15,Rabi       ,114.0,467.0,4.096491228070181,0.458,0.398,0.481,0.452,0.478,0.545,0.718,0.6859999999999999,0.5660000000000001
193,RAMNAGARA, 1.RAMANAGARA, 2014-15,Summer     ,530.0,1729.0,3.2622641509433996,0.458,0.398,0.481,0.452,0.478,0.545,0.718,0.6859999999999999,0.5660000000000001
194,RAMNAGARA, 1.RAMANAGARA, 2015-16,Kharif     ,1453.0,4525.0,3.11424638678596,0.51,0.435,0.633,0.536,0.55,0.6829999999999999,0.71,0.696,0.675
195,RAMNAGARA, 1.RAMANAGARA, 2015-16,Rabi       ,175.0,399.0,2.28,0.51,0.435,0.633,0.536,0.55,0.6829999999999999,0.71,0.696,0.675
196,RAMNAGARA, 1.RAMANAGARA, 2015-16,Summer     ,359.0,1368.0,3.81058495821727,0.51,0.435,0.633,0.536,0.55,0.6829999999999999,0.71,0.696,0.675
197,RAMNAGARA, 1.RAMANAGARA, 2016-17,Kharif     ,1760.0,3630.0,2.0625,0.474,0.409,0.4970000000000001,0.53,0.535,0.5539999999999999,0.5770000000000001,0.537,0.488
198,RAMNAGARA, 1.RAMANAGARA, 2016-17,Rabi       ,22.0,39.0,1.77272727272727,0.474,0.409,0.4970000000000001,0.53,0.535,0.5539999999999999,0.5770000000000001,0.537,0.488
199,RAMNAGARA, 1.RAMANAGARA, 2016-17,Summer     ,133.0,1276.0,9.593984962406019,0.474,0.409,0.4970000000000001,0.53,0.535,0.5539999999999999,0.5770000000000001,0.537,0.488
200,RAMNAGARA, 1.RAMANAGARA, 2017-18,Kharif     ,1679.0,6792.0,4.04526503871352,0.483,0.431,0.55,0.503,0.488,0.6920000000000001,0.732,0.675,0.589
201,RAMNAGARA, 1.RAMANAGARA, 2017-18,Rabi       ,307.0,1030.0,3.3550488599348505,0.483,0.431,0.55,0.503,0.488,0.6920000000000001,0.732,0.675,0.589
202,RAMNAGARA, 1.RAMANAGARA, 2017-18,Summer     ,174.0,653.0,3.7528735632183903,0.483,0.431,0.55,0.503,0.488,0.6920000000000001,0.732,0.675,0.589
203,RAMNAGARA, 1.RAMANAGARA, 2018-19,Kharif     ,2470.0,5399.0,2.18582995951417,0.46,0.429,0.608,0.509,0.517,0.653,0.6920000000000001,0.635,0.531
204,RAMNAGARA, 1.RAMANAGARA, 2018-19,Rabi       ,391.0,1326.0,3.39130434782609,0.46,0.429,0.608,0.509,0.517,0.653,0.6920000000000001,0.635,0.531
205,RAMNAGARA, 1.RAMANAGARA, 2018-19,Summer     ,465.0,1602.0,3.4451612903225803,0.46,0.429,0.608,0.509,0.517,0.653,0.6920000000000001,0.635,0.531
206,RAMNAGARA, 1.RAMANAGARA, 2008-09,Kharif     ,80.0,11.0,0.1375,0.468,0.392,0.482,0.431,0.451,0.629,0.675,0.64,0.588
207,RAMNAGARA, 1.RAMANAGARA, 2009-10,Kharif     ,68.0,8.0,0.11764705882352902,0.465,0.388,0.5529999999999999,0.488,0.486,0.621,0.6729999999999999,0.609,0.5329999999999999
208,RAMNAGARA, 1.RAMANAGARA, 2010-11,Kharif     ,8.0,2.0,0.25,0.507,0.418,0.534,0.449,0.526,0.643,0.71,0.67,0.616
209,RAMNAGARA, 1.RAMANAGARA, 2011-12,Kharif     ,19.0,5.0,0.263157894736842,0.458,0.384,0.578,0.488,0.486,0.621,0.6729999999999999,0.609,0.56
210,RAMNAGARA, 1.RAMANAGARA, 2012-13,Kharif     ,38.0,12.0,0.31578947368421,0.402,0.365,0.462,0.395,0.485,0.4970000000000001,0.591,0.65,0.523
211,RAMNAGARA, 1.RAMANAGARA, 2013-14,Kharif     ,7.0,2.0,0.28571428571428603,0.4370000000000001,0.414,0.415,0.426,0.506,0.6859999999999999,0.6629999999999999,0.638,0.525
212,RAMNAGARA, 1.RAMANAGARA, 2014-15,Kharif     ,6.0,1.0,0.166666666666667,0.458,0.398,0.481,0.452,0.478,0.545,0.718,0.6859999999999999,0.5660000000000001
213,RAMNAGARA, 1.RAMANAGARA, 2015-16,Kharif     ,1.0,,0.0,0.51,0.435,0.633,0.536,0.55,0.6829999999999999,0.71,0.696,0.675
214,RAMNAGARA, 1.RAMANAGARA, 2016-17,Kharif     ,1.0,,0.0,0.474,0.409,0.4970000000000001,0.53,0.535,0.5539999999999999,0.5770000000000001,0.537,0.488
215,RAMNAGARA, 1.RAMANAGARA, 2017-18,Kharif     ,85.0,28.0,0.329411764705882,0.483,0.431,0.55,0.503,0.488,0.6920000000000001,0.732,0.675,0.589
216,RAMNAGARA, 1.RAMANAGARA, 2018-19,Kharif     ,20.0,6.0,0.3,0.46,0.429,0.608,0.509,0.517,0.653,0.6920000000000001,0.635,0.531
217,RAMNAGARA, 1.RAMANAGARA, 2008-09,Kharif     ,1309.0,416.0,0.31779984721161203,0.468,0.392,0.482,0.431,0.451,0.629,0.675,0.64,0.588
218,RAMNAGARA, 1.RAMANAGARA, 2009-10,Kharif     ,1418.0,434.0,0.306064880112835,0.465,0.388,0.5529999999999999,0.488,0.486,0.621,0.6729999999999999,0.609,0.5329999999999999
219,RAMNAGARA, 1.RAMANAGARA, 2010-11,Kharif     ,967.0,291.0,0.300930713547053,0.507,0.418,0.534,0.449,0.526,0.643,0.71,0.67,0.616
220,RAMNAGARA, 1.RAMANAGARA, 2011-12,Kharif     ,916.0,249.0,0.271834061135371,0.458,0.384,0.578,0.488,0.486,0.621,0.6729999999999999,0.609,0.56
221,RAMNAGARA, 1.RAMANAGARA, 2012-13,Kharif     ,617.0,148.0,0.239870340356564,0.402,0.365,0.462,0.395,0.485,0.4970000000000001,0.591,0.65,0.523
222,RAMNAGARA, 1.RAMANAGARA, 2013-14,Kharif     ,975.0,213.0,0.21846153846153799,0.4370000000000001,0.414,0.415,0.426,0.506,0.6859999999999999,0.6629999999999999,0.638,0.525
223,RAMNAGARA, 1.RAMANAGARA, 2014-15,Kharif     ,579.0,152.0,0.262521588946459,0.458,0.398,0.481,0.452,0.478,0.545,0.718,0.6859999999999999,0.5660000000000001
224,RAMNAGARA, 1.RAMANAGARA, 2015-16,Kharif     ,605.0,99.0,0.163636363636364,0.51,0.435,0.633,0.536,0.55,0.6829999999999999,0.71,0.696,0.675
225,RAMNAGARA, 1.RAMANAGARA, 2016-17,Kharif     ,244.0,38.0,0.15573770491803302,0.474,0.409,0.4970000000000001,0.53,0.535,0.5539999999999999,0.5770000000000001,0.537,0.488
226,RAMNAGARA, 1.RAMANAGARA, 2017-18,Kharif     ,311.0,67.0,0.215434083601286,0.483,0.431,0.55,0.503,0.488,0.6920000000000001,0.732,0.675,0.589
227,RAMNAGARA, 1.RAMANAGARA, 2018-19,Kharif     ,11.0,2.0,0.18181818181818202,0.46,0.429,0.608,0.509,0.517,0.653,0.6920000000000001,0.635,0.531
228,RAMNAGARA, 1.RAMANAGARA, 2008-09,Kharif     ,23.0,119.0,5.17391304347826,0.468,0.392,0.482,0.431,0.451,0.629,0.675,0.64,0.588
229,RAMNAGARA, 1.RAMANAGARA, 2009-10,Kharif     ,20.0,71.0,3.55,0.465,0.388,0.5529999999999999,0.488,0.486,0.621,0.6729999999999999,0.609,0.5329999999999999
230,RAMNAGARA, 1.RAMANAGARA, 2010-11,Kharif     ,5.0,31.0,6.2,0.507,0.418,0.534,0.449,0.526,0.643,0.71,0.67,0.616
231,RAMNAGARA, 1.RAMANAGARA, 2011-12,Kharif     ,30.0,148.0,4.93333333333333,0.458,0.384,0.578,0.488,0.486,0.621,0.6729999999999999,0.609,0.56
232,RAMNAGARA, 1.RAMANAGARA, 2012-13,Kharif     ,10.0,53.0,5.3,0.402,0.365,0.462,0.395,0.485,0.4970000000000001,0.591,0.65,0.523
233,RAMNAGARA, 1.RAMANAGARA, 2013-14,Kharif     ,5.0,33.0,6.6,0.4370000000000001,0.414,0.415,0.426,0.506,0.6859999999999999,0.6629999999999999,0.638,0.525
234,RAMNAGARA, 1.RAMANAGARA, 2014-15,Kharif     ,7.0,36.0,5.14285714285714,0.458,0.398,0.481,0.452,0.478,0.545,0.718,0.6859999999999999,0.5660000000000001
235,RAMNAGARA, 1.RAMANAGARA, 2015-16,Kharif     ,13.0,57.0,4.38461538461539,0.51,0.435,0.633,0.536,0.55,0.6829999999999999,0.71,0.696,0.675
236,RAMNAGARA, 1.RAMANAGARA, 2016-17,Kharif     ,16.0,115.0,7.1875,0.474,0.409,0.4970000000000001,0.53,0.535,0.5539999999999999,0.5770000000000001,0.537,0.488
237,RAMNAGARA, 1.RAMANAGARA, 2017-18,Kharif     ,20.0,221.0,11.05,0.483,0.431,0.55,0.503,0.488,0.6920000000000001,0.732,0.675,0.589
238,RAMNAGARA, 1.RAMANAGARA, 2018-19,Kharif     ,1.0,8.0,8.0,0.46,0.429,0.608,0.509,0.517,0.653,0.6920000000000001,0.635,0.531
239,RAMNAGARA, 1.RAMANAGARA, 2008-09,Rabi       ,45.0,17.0,0.377777777777778,0.468,0.392,0.482,0.431,0.451,0.629,0.675,0.64,0.588
240,RAMNAGARA, 1.RAMANAGARA, 2009-10,Rabi       ,22.0,9.0,0.409090909090909,0.465,0.388,0.5529999999999999,0.488,0.486,0.621,0.6729999999999999,0.609,0.5329999999999999
241,RAMNAGARA, 1.RAMANAGARA, 2010-11,Rabi       ,18.0,7.0,0.38888888888888895,0.507,0.418,0.534,0.449,0.526,0.643,0.71,0.67,0.616
242,RAMNAGARA, 1.RAMANAGARA, 2011-12,Rabi       ,61.0,57.0,0.934426229508197,0.458,0.384,0.578,0.488,0.486,0.621,0.6729999999999999,0.609,0.56
243,RAMNAGARA, 1.RAMANAGARA, 2012-13,Rabi       ,39.0,18.0,0.46153846153846206,0.402,0.365,0.462,0.395,0.485,0.4970000000000001,0.591,0.65,0.523
244,RAMNAGARA, 1.RAMANAGARA, 2013-14,Rabi       ,109.0,87.0,0.798165137614679,0.4370000000000001,0.414,0.415,0.426,0.506,0.6859999999999999,0.6629999999999999,0.638,0.525
245,RAMNAGARA, 1.RAMANAGARA, 2014-15,Rabi       ,76.0,58.0,0.763157894736842,0.458,0.398,0.481,0.452,0.478,0.545,0.718,0.6859999999999999,0.5660000000000001
246,RAMNAGARA, 1.RAMANAGARA, 2015-16,Rabi       ,48.0,32.0,0.666666666666667,0.51,0.435,0.633,0.536,0.55,0.6829999999999999,0.71,0.696,0.675
247,RAMNAGARA, 1.RAMANAGARA, 2016-17,Rabi       ,6.0,,0.0,0.474,0.409,0.4970000000000001,0.53,0.535,0.5539999999999999,0.5770000000000001,0.537,0.488
248,RAMNAGARA, 1.RAMANAGARA, 2017-18,Rabi       ,7.0,6.0,0.857142857142857,0.483,0.431,0.55,0.503,0.488,0.6920000000000001,0.732,0.675,0.589
249,RAMNAGARA, 1.RAMANAGARA, 2018-19,Rabi       ,8.0,6.0,0.75,0.46,0.429,0.608,0.509,0.517,0.653,0.6920000000000001,0.635,0.531
250,RAMNAGARA, 1.RAMANAGARA, 2008-09,Kharif     ,7808.0,7849.0,1.00525102459016,0.468,0.392,0.482,0.431,0.451,0.629,0.675,0.64,0.588
251,RAMNAGARA, 1.RAMANAGARA, 2009-10,Kharif     ,8212.0,7015.0,0.8542377009254749,0.465,0.388,0.5529999999999999,0.488,0.486,0.621,0.6729999999999999,0.609,0.5329999999999999
252,RAMNAGARA, 1.RAMANAGARA, 2010-11,Kharif     ,5391.0,3938.0,0.7304767204600258,0.507,0.418,0.534,0.449,0.526,0.643,0.71,0.67,0.616
253,RAMNAGARA, 1.RAMANAGARA, 2011-12,Kharif     ,3709.0,5342.0,1.44028039902939,0.458,0.384,0.578,0.488,0.486,0.621,0.6729999999999999,0.609,0.56
254,RAMNAGARA, 1.RAMANAGARA, 2012-13,Kharif     ,2106.0,1765.0,0.838081671415005,0.402,0.365,0.462,0.395,0.485,0.4970000000000001,0.591,0.65,0.523
255,RAMNAGARA, 1.RAMANAGARA, 2013-14,Kharif     ,5852.0,6088.0,1.0403280929596699,0.4370000000000001,0.414,0.415,0.426,0.506,0.6859999999999999,0.6629999999999999,0.638,0.525
256,RAMNAGARA, 1.RAMANAGARA, 2014-15,Kharif     ,5626.0,7958.0,1.4145040881621,0.458,0.398,0.481,0.452,0.478,0.545,0.718,0.6859999999999999,0.5660000000000001
257,RAMNAGARA, 1.RAMANAGARA, 2015-16,Kharif     ,5742.0,13779.0,2.39968652037618,0.51,0.435,0.633,0.536,0.55,0.6829999999999999,0.71,0.696,0.675
258,RAMNAGARA, 1.RAMANAGARA, 2016-17,Kharif     ,5720.0,5352.0,0.9356643356643359,0.474,0.409,0.4970000000000001,0.53,0.535,0.5539999999999999,0.5770000000000001,0.537,0.488
259,RAMNAGARA, 1.RAMANAGARA, 2017-18,Kharif     ,6319.0,6699.0,1.0601360974837801,0.483,0.431,0.55,0.503,0.488,0.6920000000000001,0.732,0.675,0.589
260,RAMNAGARA, 1.RAMANAGARA, 2018-19,Kharif     ,948.0,641.0,0.676160337552743,0.46,0.429,0.608,0.509,0.517,0.653,0.6920000000000001,0.635,0.531
261,RAMNAGARA, 1.RAMANAGARA, 2018-19,Rabi       ,6.0,43.0,7.16666666666667,0.46,0.429,0.608,0.509,0.517,0.653,0.6920000000000001,0.635,0.531
262,RAMNAGARA, 1.RAMANAGARA, 2018-19,Summer     ,3.0,26.0,8.66666666666667,0.46,0.429,0.608,0.509,0.517,0.653,0.6920000000000001,0.635,0.531
263,RAMNAGARA, 1.RAMANAGARA, 2011-12,Kharif     ,26.0,232.0,8.92307692307692,0.458,0.384,0.578,0.488,0.486,0.621,0.6729999999999999,0.609,0.56
264,RAMNAGARA, 1.RAMANAGARA, 2011-12,Rabi       ,4.0,38.0,9.5,0.458,0.384,0.578,0.488,0.486,0.621,0.6729999999999999,0.609,0.56
265,RAMNAGARA, 1.RAMANAGARA, 2011-12,Summer     ,1.0,9.0,9.0,0.458,0.384,0.578,0.488,0.486,0.621,0.6729999999999999,0.609,0.56
266,RAMNAGARA, 1.RAMANAGARA, 2014-15,Kharif     ,12.0,74.0,6.16666666666667,0.458,0.398,0.481,0.452,0.478,0.545,0.718,0.6859999999999999,0.5660000000000001
267,RAMNAGARA, 1.RAMANAGARA, 2015-16,Kharif     ,7.0,28.0,4.0,0.51,0.435,0.633,0.536,0.55,0.6829999999999999,0.71,0.696,0.675
268,RAMNAGARA, 1.RAMANAGARA, 2016-17,Kharif     ,7.0,69.0,9.85714285714286,0.474,0.409,0.4970000000000001,0.53,0.535,0.5539999999999999,0.5770000000000001,0.537,0.488
269,RAMNAGARA, 1.RAMANAGARA, 2018-19,Kharif     ,1.0,8.0,8.0,0.46,0.429,0.608,0.509,0.517,0.653,0.6920000000000001,0.635,0.531
270,RAMNAGARA, 1.RAMANAGARA, 2018-19,Rabi       ,33.0,71.0,2.1515151515151496,0.46,0.429,0.608,0.509,0.517,0.653,0.6920000000000001,0.635,0.531
271,RAMNAGARA, 1.RAMANAGARA, 2018-19,Summer     ,173.0,359.0,2.07514450867052,0.46,0.429,0.608,0.509,0.517,0.653,0.6920000000000001,0.635,0.531
272,RAMNAGARA, 1.RAMANAGARA, 2008-09,Kharif     ,78025.0,137659.0,1.76429349567446,0.468,0.392,0.482,0.431,0.451,0.629,0.675,0.64,0.588
273,RAMNAGARA, 1.RAMANAGARA, 2008-09,Rabi       ,11.0,23.0,2.09090909090909,0.468,0.392,0.482,0.431,0.451,0.629,0.675,0.64,0.588
274,RAMNAGARA, 1.RAMANAGARA, 2008-09,Summer     ,178.0,354.0,1.98876404494382,0.468,0.392,0.482,0.431,0.451,0.629,0.675,0.64,0.588
275,RAMNAGARA, 1.RAMANAGARA, 2009-10,Kharif     ,76469.0,138869.0,1.81601694804431,0.465,0.388,0.5529999999999999,0.488,0.486,0.621,0.6729999999999999,0.609,0.5329999999999999
276,RAMNAGARA, 1.RAMANAGARA, 2009-10,Rabi       ,25.0,59.0,2.36,0.465,0.388,0.5529999999999999,0.488,0.486,0.621,0.6729999999999999,0.609,0.5329999999999999
277,RAMNAGARA, 1.RAMANAGARA, 2009-10,Summer     ,278.0,522.0,1.8776978417266201,0.465,0.388,0.5529999999999999,0.488,0.486,0.621,0.6729999999999999,0.609,0.5329999999999999
278,RAMNAGARA, 1.RAMANAGARA, 2010-11,Kharif     ,72967.0,165230.0,2.26444831225074,0.507,0.418,0.534,0.449,0.526,0.643,0.71,0.67,0.616
279,RAMNAGARA, 1.RAMANAGARA, 2010-11,Rabi       ,67.0,139.0,2.07462686567164,0.507,0.418,0.534,0.449,0.526,0.643,0.71,0.67,0.616
280,RAMNAGARA, 1.RAMANAGARA, 2010-11,Summer     ,440.0,861.0,1.9568181818181798,0.507,0.418,0.534,0.449,0.526,0.643,0.71,0.67,0.616
281,RAMNAGARA, 1.RAMANAGARA, 2011-12,Kharif     ,70613.0,165450.0,2.34305297891323,0.458,0.384,0.578,0.488,0.486,0.621,0.6729999999999999,0.609,0.56
282,RAMNAGARA, 1.RAMANAGARA, 2011-12,Rabi       ,10.0,20.0,2.0,0.458,0.384,0.578,0.488,0.486,0.621,0.6729999999999999,0.609,0.56
283,RAMNAGARA, 1.RAMANAGARA, 2011-12,Summer     ,335.0,645.0,1.92537313432836,0.458,0.384,0.578,0.488,0.486,0.621,0.6729999999999999,0.609,0.56
284,RAMNAGARA, 1.RAMANAGARA, 2012-13,Kharif     ,62037.0,127654.0,2.0577074971388,0.402,0.365,0.462,0.395,0.485,0.4970000000000001,0.591,0.65,0.523
285,RAMNAGARA, 1.RAMANAGARA, 2012-13,Rabi       ,1.0,1.0,1.0,0.402,0.365,0.462,0.395,0.485,0.4970000000000001,0.591,0.65,0.523
286,RAMNAGARA, 1.RAMANAGARA, 2012-13,Summer     ,288.0,431.0,1.49652777777778,0.402,0.365,0.462,0.395,0.485,0.4970000000000001,0.591,0.65,0.523
287,RAMNAGARA, 1.RAMANAGARA, 2013-14,Kharif     ,69955.0,175912.0,2.5146451290115097,0.4370000000000001,0.414,0.415,0.426,0.506,0.6859999999999999,0.6629999999999999,0.638,0.525
288,RAMNAGARA, 1.RAMANAGARA, 2013-14,Rabi       ,4.0,6.0,1.5,0.4370000000000001,0.414,0.415,0.426,0.506,0.6859999999999999,0.6629999999999999,0.638,0.525
289,RAMNAGARA, 1.RAMANAGARA, 2013-14,Summer     ,330.0,648.0,1.96363636363636,0.4370000000000001,0.414,0.415,0.426,0.506,0.6859999999999999,0.6629999999999999,0.638,0.525
290,RAMNAGARA, 1.RAMANAGARA, 2014-15,Kharif     ,69083.0,136049.0,1.96935570256069,0.458,0.398,0.481,0.452,0.478,0.545,0.718,0.6859999999999999,0.5660000000000001
291,RAMNAGARA, 1.RAMANAGARA, 2014-15,Rabi       ,25.0,41.0,1.64,0.458,0.398,0.481,0.452,0.478,0.545,0.718,0.6859999999999999,0.5660000000000001
292,RAMNAGARA, 1.RAMANAGARA, 2014-15,Summer     ,503.0,896.0,1.78131212723658,0.458,0.398,0.481,0.452,0.478,0.545,0.718,0.6859999999999999,0.5660000000000001
293,RAMNAGARA, 1.RAMANAGARA, 2015-16,Kharif     ,70105.0,129670.0,1.84965409029313,0.51,0.435,0.633,0.536,0.55,0.6829999999999999,0.71,0.696,0.675
294,RAMNAGARA, 1.RAMANAGARA, 2015-16,Rabi       ,59.0,100.0,1.69491525423729,0.51,0.435,0.633,0.536,0.55,0.6829999999999999,0.71,0.696,0.675
295,RAMNAGARA, 1.RAMANAGARA, 2015-16,Summer     ,201.0,344.0,1.7114427860696497,0.51,0.435,0.633,0.536,0.55,0.6829999999999999,0.71,0.696,0.675
296,RAMNAGARA, 1.RAMANAGARA, 2016-17,Kharif     ,66422.0,46568.0,0.7010930113516609,0.474,0.409,0.4970000000000001,0.53,0.535,0.5539999999999999,0.5770000000000001,0.537,0.488
297,RAMNAGARA, 1.RAMANAGARA, 2016-17,Rabi       ,1.0,1.0,1.0,0.474,0.409,0.4970000000000001,0.53,0.535,0.5539999999999999,0.5770000000000001,0.537,0.488
298,RAMNAGARA, 1.RAMANAGARA, 2016-17,Summer     ,168.0,304.0,1.8095238095238102,0.474,0.409,0.4970000000000001,0.53,0.535,0.5539999999999999,0.5770000000000001,0.537,0.488
299,RAMNAGARA, 1.RAMANAGARA, 2017-18,Kharif     ,73600.0,182072.0,2.47380434782609,0.483,0.431,0.55,0.503,0.488,0.6920000000000001,0.732,0.675,0.589
300,RAMNAGARA, 1.RAMANAGARA, 2017-18,Rabi       ,74.0,118.0,1.59459459459459,0.483,0.431,0.55,0.503,0.488,0.6920000000000001,0.732,0.675,0.589
301,RAMNAGARA, 1.RAMANAGARA, 2017-18,Summer     ,173.0,301.0,1.7398843930635801,0.483,0.431,0.55,0.503,0.488,0.6920000000000001,0.732,0.675,0.589
302,RAMNAGARA, 1.RAMANAGARA, 2018-19,Kharif     ,50031.0,84175.0,1.6824568767364199,0.46,0.429,0.608,0.509,0.517,0.653,0.6920000000000001,0.635,0.531
303,RAMNAGARA, 1.RAMANAGARA, 2018-19,Rabi       ,124.0,172.0,1.38709677419355,0.46,0.429,0.608,0.509,0.517,0.653,0.6920000000000001,0.635,0.531
304,RAMNAGARA, 1.RAMANAGARA, 2018-19,Summer     ,153.0,274.0,1.79084967320261,0.46,0.429,0.608,0.509,0.517,0.653,0.6920000000000001,0.635,0.531
305,RAMNAGARA, 1.RAMANAGARA, 2008-09,Rabi       ,768.0,322.0,0.4192708333333329,0.468,0.392,0.482,0.431,0.451,0.629,0.675,0.64,0.588
306,RAMNAGARA, 1.RAMANAGARA, 2009-10,Rabi       ,1427.0,393.0,0.27540294323756104,0.465,0.388,0.5529999999999999,0.488,0.486,0.621,0.6729999999999999,0.609,0.5329999999999999
307,RAMNAGARA, 1.RAMANAGARA, 2010-11,Rabi       ,610.0,274.0,0.449180327868853,0.507,0.418,0.534,0.449,0.526,0.643,0.71,0.67,0.616
308,RAMNAGARA, 1.RAMANAGARA, 2011-12,Rabi       ,593.0,146.0,0.24620573355817899,0.458,0.384,0.578,0.488,0.486,0.621,0.6729999999999999,0.609,0.56
309,RAMNAGARA, 1.RAMANAGARA, 2012-13,Kharif     ,368.0,91.0,0.24728260869565197,0.402,0.365,0.462,0.395,0.485,0.4970000000000001,0.591,0.65,0.523
310,RAMNAGARA, 1.RAMANAGARA, 2013-14,Kharif     ,565.0,136.0,0.24070796460177002,0.4370000000000001,0.414,0.415,0.426,0.506,0.6859999999999999,0.6629999999999999,0.638,0.525
311,RAMNAGARA, 1.RAMANAGARA, 2014-15,Kharif     ,387.0,102.0,0.263565891472868,0.458,0.398,0.481,0.452,0.478,0.545,0.718,0.6859999999999999,0.5660000000000001
312,RAMNAGARA, 1.RAMANAGARA, 2015-16,Kharif     ,366.0,78.0,0.21311475409836103,0.51,0.435,0.633,0.536,0.55,0.6829999999999999,0.71,0.696,0.675
313,RAMNAGARA, 1.RAMANAGARA, 2016-17,Kharif     ,377.0,68.0,0.18037135278514602,0.474,0.409,0.4970000000000001,0.53,0.535,0.5539999999999999,0.5770000000000001,0.537,0.488
314,RAMNAGARA, 1.RAMANAGARA, 2017-18,Kharif     ,335.0,37.0,0.11044776119402999,0.483,0.431,0.55,0.503,0.488,0.6920000000000001,0.732,0.675,0.589
315,RAMNAGARA, 1.RAMANAGARA, 2018-19,Kharif     ,2.0,,0.0,0.46,0.429,0.608,0.509,0.517,0.653,0.6920000000000001,0.635,0.531
316,RAMNAGARA, 1.RAMANAGARA, 2018-19,Summer     ,290.0,905.0,3.12068965517241,0.46,0.429,0.608,0.509,0.517,0.653,0.6920000000000001,0.635,0.531
317,RAMNAGARA, 1.RAMANAGARA, 2008-09,Kharif     ,6252.0,16531.0,2.6441138835572597,0.468,0.392,0.482,0.431,0.451,0.629,0.675,0.64,0.588
318,RAMNAGARA, 1.RAMANAGARA, 2008-09,Summer     ,360.0,1130.0,3.13888888888889,0.468,0.392,0.482,0.431,0.451,0.629,0.675,0.64,0.588
319,RAMNAGARA, 1.RAMANAGARA, 2009-10,Kharif     ,7446.0,21277.0,2.8575073865162497,0.465,0.388,0.5529999999999999,0.488,0.486,0.621,0.6729999999999999,0.609,0.5329999999999999
320,RAMNAGARA, 1.RAMANAGARA, 2009-10,Summer     ,868.0,2738.0,3.1543778801843305,0.465,0.388,0.5529999999999999,0.488,0.486,0.621,0.6729999999999999,0.609,0.5329999999999999
321,RAMNAGARA, 1.RAMANAGARA, 2010-11,Kharif     ,7884.0,19794.0,2.51065449010654,0.507,0.418,0.534,0.449,0.526,0.643,0.71,0.67,0.616
322,RAMNAGARA, 1.RAMANAGARA, 2010-11,Summer     ,589.0,1744.0,2.96095076400679,0.507,0.418,0.534,0.449,0.526,0.643,0.71,0.67,0.616
323,RAMNAGARA, 1.RAMANAGARA, 2011-12,Kharif     ,7230.0,19461.0,2.6917012448132795,0.458,0.384,0.578,0.488,0.486,0.621,0.6729999999999999,0.609,0.56
324,RAMNAGARA, 1.RAMANAGARA, 2011-12,Summer     ,467.0,802.0,1.71734475374732,0.458,0.384,0.578,0.488,0.486,0.621,0.6729999999999999,0.609,0.56
325,RAMNAGARA, 1.RAMANAGARA, 2012-13,Kharif     ,6340.0,15407.0,2.4301261829653,0.402,0.365,0.462,0.395,0.485,0.4970000000000001,0.591,0.65,0.523
326,RAMNAGARA, 1.RAMANAGARA, 2012-13,Summer     ,412.0,849.0,2.0606796116504897,0.402,0.365,0.462,0.395,0.485,0.4970000000000001,0.591,0.65,0.523
327,RAMNAGARA, 1.RAMANAGARA, 2013-14,Kharif     ,5321.0,13931.0,2.61811689532043,0.4370000000000001,0.414,0.415,0.426,0.506,0.6859999999999999,0.6629999999999999,0.638,0.525
328,RAMNAGARA, 1.RAMANAGARA, 2013-14,Summer     ,431.0,799.0,1.8538283062645,0.4370000000000001,0.414,0.415,0.426,0.506,0.6859999999999999,0.6629999999999999,0.638,0.525
329,RAMNAGARA, 1.RAMANAGARA, 2014-15,Kharif     ,4617.0,10759.0,2.3303010612952098,0.458,0.398,0.481,0.452,0.478,0.545,0.718,0.6859999999999999,0.5660000000000001
330,RAMNAGARA, 1.RAMANAGARA, 2014-15,Rabi       ,2.0,5.0,2.5,0.458,0.398,0.481,0.452,0.478,0.545,0.718,0.6859999999999999,0.5660000000000001
331,RAMNAGARA, 1.RAMANAGARA, 2014-15,Summer     ,605.0,1887.0,3.1190082644628103,0.458,0.398,0.481,0.452,0.478,0.545,0.718,0.6859999999999999,0.5660000000000001
332,RAMNAGARA, 1.RAMANAGARA, 2015-16,Kharif     ,4092.0,9466.0,2.3132942326490697,0.51,0.435,0.633,0.536,0.55,0.6829999999999999,0.71,0.696,0.675
333,RAMNAGARA, 1.RAMANAGARA, 2015-16,Rabi       ,45.0,110.0,2.44444444444444,0.51,0.435,0.633,0.536,0.55,0.6829999999999999,0.71,0.696,0.675
334,RAMNAGARA, 1.RAMANAGARA, 2015-16,Summer     ,317.0,704.0,2.22082018927445,0.51,0.435,0.633,0.536,0.55,0.6829999999999999,0.71,0.696,0.675
335,RAMNAGARA, 1.RAMANAGARA, 2016-17,Kharif     ,3967.0,6467.0,1.6301991429291698,0.474,0.409,0.4970000000000001,0.53,0.535,0.5539999999999999,0.5770000000000001,0.537,0.488
336,RAMNAGARA, 1.RAMANAGARA, 2016-17,Rabi       ,1.0,3.0,3.0,0.474,0.409,0.4970000000000001,0.53,0.535,0.5539999999999999,0.5770000000000001,0.537,0.488
337,RAMNAGARA, 1.RAMANAGARA, 2016-17,Summer     ,65.0,144.0,2.21538461538462,0.474,0.409,0.4970000000000001,0.53,0.535,0.5539999999999999,0.5770000000000001,0.537,0.488
338,RAMNAGARA, 1.RAMANAGARA, 2017-18,Kharif     ,4028.0,11629.0,2.8870407149950297,0.483,0.431,0.55,0.503,0.488,0.6920000000000001,0.732,0.675,0.589
339,RAMNAGARA, 1.RAMANAGARA, 2017-18,Rabi       ,5.0,13.0,2.6,0.483,0.431,0.55,0.503,0.488,0.6920000000000001,0.732,0.675,0.589
340,RAMNAGARA, 1.RAMANAGARA, 2017-18,Summer     ,261.0,1001.0,3.8352490421455894,0.483,0.431,0.55,0.503,0.488,0.6920000000000001,0.732,0.675,0.589
341,RAMNAGARA, 1.RAMANAGARA, 2018-19,Kharif     ,3024.0,6610.0,2.18584656084656,0.46,0.429,0.608,0.509,0.517,0.653,0.6920000000000001,0.635,0.531
342,RAMNAGARA, 1.RAMANAGARA, 2018-19,Summer     ,150.0,298.0,1.98666666666667,0.46,0.429,0.608,0.509,0.517,0.653,0.6920000000000001,0.635,0.531
343,RAMNAGARA, 1.RAMANAGARA, 2008-09,Kharif     ,2178.0,836.0,0.383838383838384,0.468,0.392,0.482,0.431,0.451,0.629,0.675,0.64,0.588
344,RAMNAGARA, 1.RAMANAGARA, 2009-10,Kharif     ,2099.0,1382.0,0.6584087660790849,0.465,0.388,0.5529999999999999,0.488,0.486,0.621,0.6729999999999999,0.609,0.5329999999999999
345,RAMNAGARA, 1.RAMANAGARA, 2010-11,Kharif     ,6392.0,1816.0,0.284105131414268,0.507,0.418,0.534,0.449,0.526,0.643,0.71,0.67,0.616
346,RAMNAGARA, 1.RAMANAGARA, 2011-12,Kharif     ,4576.0,2852.0,0.6232517482517479,0.458,0.384,0.578,0.488,0.486,0.621,0.6729999999999999,0.609,0.56
347,RAMNAGARA, 1.RAMANAGARA, 2012-13,Kharif     ,727.0,23.0,0.031636863823934,0.402,0.365,0.462,0.395,0.485,0.4970000000000001,0.591,0.65,0.523
348,RAMNAGARA, 1.RAMANAGARA, 2013-14,Kharif     ,1934.0,920.0,0.47569803516029,0.4370000000000001,0.414,0.415,0.426,0.506,0.6859999999999999,0.6629999999999999,0.638,0.525
349,RAMNAGARA, 1.RAMANAGARA, 2014-15,Kharif     ,1372.0,521.0,0.37973760932944606,0.458,0.398,0.481,0.452,0.478,0.545,0.718,0.6859999999999999,0.5660000000000001
350,RAMNAGARA, 1.RAMANAGARA, 2015-16,Kharif     ,3430.0,2936.0,0.85597667638484,0.51,0.435,0.633,0.536,0.55,0.6829999999999999,0.71,0.696,0.675
351,RAMNAGARA, 1.RAMANAGARA, 2016-17,Kharif     ,485.0,403.0,0.830927835051546,0.474,0.409,0.4970000000000001,0.53,0.535,0.5539999999999999,0.5770000000000001,0.537,0.488
352,RAMNAGARA, 1.RAMANAGARA, 2017-18,Kharif     ,2329.0,1139.0,0.48905109489051096,0.483,0.431,0.55,0.503,0.488,0.6920000000000001,0.732,0.675,0.589
353,RAMNAGARA, 1.RAMANAGARA, 2018-19,Kharif     ,287.0,256.0,0.89198606271777,0.46,0.429,0.608,0.509,0.517,0.653,0.6920000000000001,0.635,0.531
354,RAMNAGARA, 1.RAMANAGARA, 2009-10,Kharif     ,158.0,42.0,0.265822784810127,0.465,0.388,0.5529999999999999,0.488,0.486,0.621,0.6729999999999999,0.609,0.5329999999999999
355,RAMNAGARA, 1.RAMANAGARA, 2010-11,Kharif     ,3.0,2.0,0.666666666666667,0.507,0.418,0.534,0.449,0.526,0.643,0.71,0.67,0.616
356,RAMNAGARA, 1.RAMANAGARA, 2011-12,Kharif     ,106.0,61.0,0.5754716981132081,0.458,0.384,0.578,0.488,0.486,0.621,0.6729999999999999,0.609,0.56
357,RAMNAGARA, 1.RAMANAGARA, 2012-13,Kharif     ,77.0,37.0,0.480519480519481,0.402,0.365,0.462,0.395,0.485,0.4970000000000001,0.591,0.65,0.523
358,RAMNAGARA, 1.RAMANAGARA, 2013-14,Kharif     ,5.0,3.0,0.6,0.4370000000000001,0.414,0.415,0.426,0.506,0.6859999999999999,0.6629999999999999,0.638,0.525
359,RAMNAGARA, 1.RAMANAGARA, 2014-15,Kharif     ,6.0,4.0,0.666666666666667,0.458,0.398,0.481,0.452,0.478,0.545,0.718,0.6859999999999999,0.5660000000000001
360,RAMNAGARA, 1.RAMANAGARA, 2015-16,Kharif     ,6.0,3.0,0.5,0.51,0.435,0.633,0.536,0.55,0.6829999999999999,0.71,0.696,0.675
361,RAMNAGARA, 1.RAMANAGARA, 2016-17,Kharif     ,7.0,3.0,0.42857142857142894,0.474,0.409,0.4970000000000001,0.53,0.535,0.5539999999999999,0.5770000000000001,0.537,0.488
362,RAMNAGARA, 1.RAMANAGARA, 2017-18,Kharif     ,136.0,81.0,0.595588235294118,0.483,0.431,0.55,0.503,0.488,0.6920000000000001,0.732,0.675,0.589
363,RAMNAGARA, 1.RAMANAGARA, 2018-19,Kharif     ,15.0,13.0,0.866666666666667,0.46,0.429,0.608,0.509,0.517,0.653,0.6920000000000001,0.635,0.531
364,RAMNAGARA, 1.RAMANAGARA, 2008-09,Whole Year ,936.0,86252.0,92.14957264957269,0.468,0.392,0.482,0.431,0.451,0.629,0.675,0.64,0.588
365,RAMNAGARA, 1.RAMANAGARA, 2009-10,Whole Year ,863.0,87724.0,101.650057937428,0.465,0.388,0.5529999999999999,0.488,0.486,0.621,0.6729999999999999,0.609,0.5329999999999999
366,RAMNAGARA, 1.RAMANAGARA, 2010-11,Whole Year ,924.0,100947.0,109.25,0.507,0.418,0.534,0.449,0.526,0.643,0.71,0.67,0.616
367,RAMNAGARA, 1.RAMANAGARA, 2011-12,Whole Year ,876.0,74066.0,84.5502283105023,0.458,0.384,0.578,0.488,0.486,0.621,0.6729999999999999,0.609,0.56
368,RAMNAGARA, 1.RAMANAGARA, 2012-13,Whole Year ,719.0,66256.0,92.1502086230876,0.402,0.365,0.462,0.395,0.485,0.4970000000000001,0.591,0.65,0.523
369,RAMNAGARA, 1.RAMANAGARA, 2013-14,Whole Year ,191.0,14697.0,76.9476439790576,0.4370000000000001,0.414,0.415,0.426,0.506,0.6859999999999999,0.6629999999999999,0.638,0.525
370,RAMNAGARA, 1.RAMANAGARA, 2014-15,Whole Year ,1027.0,67320.0,65.5501460564752,0.458,0.398,0.481,0.452,0.478,0.545,0.718,0.6859999999999999,0.5660000000000001
371,RAMNAGARA, 1.RAMANAGARA, 2015-16,Whole Year ,492.0,45338.0,92.150406504065,0.51,0.435,0.633,0.536,0.55,0.6829999999999999,0.71,0.696,0.675
372,RAMNAGARA, 1.RAMANAGARA, 2016-17,Whole Year ,98.0,10241.0,104.5,0.474,0.409,0.4970000000000001,0.53,0.535,0.5539999999999999,0.5770000000000001,0.537,0.488
373,RAMNAGARA, 1.RAMANAGARA, 2017-18,Whole Year ,221.0,17216.0,77.9004524886878,0.483,0.431,0.55,0.503,0.488,0.6920000000000001,0.732,0.675,0.589
374,RAMNAGARA, 1.RAMANAGARA, 2018-19,Whole Year ,278.0,23769.0,85.5,0.46,0.429,0.608,0.509,0.517,0.653,0.6920000000000001,0.635,0.531
375,RAMNAGARA, 1.RAMANAGARA, 2018-19,Summer     ,1.0,1.0,1.0,0.46,0.429,0.608,0.509,0.517,0.653,0.6920000000000001,0.635,0.531
376,RAMNAGARA, 1.RAMANAGARA, 2008-09,Kharif     ,143.0,49.0,0.342657342657343,0.468,0.392,0.482,0.431,0.451,0.629,0.675,0.64,0.588
377,RAMNAGARA, 1.RAMANAGARA, 2009-10,Kharif     ,79.0,18.0,0.22784810126582297,0.465,0.388,0.5529999999999999,0.488,0.486,0.621,0.6729999999999999,0.609,0.5329999999999999
378,RAMNAGARA, 1.RAMANAGARA, 2010-11,Kharif     ,23.0,11.0,0.4782608695652171,0.507,0.418,0.534,0.449,0.526,0.643,0.71,0.67,0.616
379,RAMNAGARA, 1.RAMANAGARA, 2011-12,Kharif     ,14.0,11.0,0.7857142857142858,0.458,0.384,0.578,0.488,0.486,0.621,0.6729999999999999,0.609,0.56
380,RAMNAGARA, 1.RAMANAGARA, 2012-13,Kharif     ,40.0,20.0,0.5,0.402,0.365,0.462,0.395,0.485,0.4970000000000001,0.591,0.65,0.523
381,RAMNAGARA, 1.RAMANAGARA, 2013-14,Kharif     ,88.0,51.0,0.579545454545455,0.4370000000000001,0.414,0.415,0.426,0.506,0.6859999999999999,0.6629999999999999,0.638,0.525
382,RAMNAGARA, 1.RAMANAGARA, 2014-15,Kharif     ,2.0,1.0,0.5,0.458,0.398,0.481,0.452,0.478,0.545,0.718,0.6859999999999999,0.5660000000000001
383,RAMNAGARA, 1.RAMANAGARA, 2015-16,Kharif     ,8.0,3.0,0.375,0.51,0.435,0.633,0.536,0.55,0.6829999999999999,0.71,0.696,0.675
384,RAMNAGARA, 1.RAMANAGARA, 2016-17,Kharif     ,6.0,4.0,0.666666666666667,0.474,0.409,0.4970000000000001,0.53,0.535,0.5539999999999999,0.5770000000000001,0.537,0.488
385,RAMNAGARA, 1.RAMANAGARA, 2017-18,Kharif     ,10.0,10.0,1.0,0.483,0.431,0.55,0.503,0.488,0.6920000000000001,0.732,0.675,0.589
386,RAMNAGARA, 1.RAMANAGARA, 2018-19,Kharif     ,1.0,1.0,1.0,0.46,0.429,0.608,0.509,0.517,0.653,0.6920000000000001,0.635,0.531
387,RAMNAGARA, 1.RAMANAGARA, 2008-09,Whole Year ,10.0,101.0,10.1,0.468,0.392,0.482,0.431,0.451,0.629,0.675,0.64,0.588
388,RAMNAGARA, 1.RAMANAGARA, 2009-10,Whole Year ,8.0,53.0,6.625,0.465,0.388,0.5529999999999999,0.488,0.486,0.621,0.6729999999999999,0.609,0.5329999999999999
389,RAMNAGARA, 1.RAMANAGARA, 2010-11,Whole Year ,89.0,1089.0,12.2359550561798,0.507,0.418,0.534,0.449,0.526,0.643,0.71,0.67,0.616
390,RAMNAGARA, 1.RAMANAGARA, 2011-12,Whole Year ,15.0,219.0,14.6,0.458,0.384,0.578,0.488,0.486,0.621,0.6729999999999999,0.609,0.56
391,RAMNAGARA, 1.RAMANAGARA, 2012-13,Whole Year ,34.0,527.0,15.5,0.402,0.365,0.462,0.395,0.485,0.4970000000000001,0.591,0.65,0.523
392,RAMNAGARA, 1.RAMANAGARA, 2013-14,Whole Year ,47.0,690.0,14.6808510638298,0.4370000000000001,0.414,0.415,0.426,0.506,0.6859999999999999,0.6629999999999999,0.638,0.525
393,RAMNAGARA, 1.RAMANAGARA, 2014-15,Whole Year ,18.0,305.0,16.9444444444444,0.458,0.398,0.481,0.452,0.478,0.545,0.718,0.6859999999999999,0.5660000000000001
394,RAMNAGARA, 1.RAMANAGARA, 2015-16,Whole Year ,18.0,286.0,15.8888888888889,0.51,0.435,0.633,0.536,0.55,0.6829999999999999,0.71,0.696,0.675
395,RAMNAGARA, 1.RAMANAGARA, 2016-17,Whole Year ,24.0,288.0,12.0,0.474,0.409,0.4970000000000001,0.53,0.535,0.5539999999999999,0.5770000000000001,0.537,0.488
396,RAMNAGARA, 1.RAMANAGARA, 2017-18,Whole Year ,30.0,389.0,12.966666666666699,0.483,0.431,0.55,0.503,0.488,0.6920000000000001,0.732,0.675,0.589
397,RAMNAGARA, 1.RAMANAGARA, 2018-19,Whole Year ,18.0,261.0,14.5,0.46,0.429,0.608,0.509,0.517,0.653,0.6920000000000001,0.635,0.531
398,RAMNAGARA, 1.RAMANAGARA, 2008-09,Whole Year ,4.0,39.0,9.75,0.468,0.392,0.482,0.431,0.451,0.629,0.675,0.64,0.588
399,RAMNAGARA, 1.RAMANAGARA, 2009-10,Whole Year ,4.0,37.0,9.25,0.465,0.388,0.5529999999999999,0.488,0.486,0.621,0.6729999999999999,0.609,0.5329999999999999
400,RAMNAGARA, 1.RAMANAGARA, 2010-11,Whole Year ,9.0,99.0,11.0,0.507,0.418,0.534,0.449,0.526,0.643,0.71,0.67,0.616
401,RAMNAGARA, 1.RAMANAGARA, 2011-12,Whole Year ,5.0,53.0,10.6,0.458,0.384,0.578,0.488,0.486,0.621,0.6729999999999999,0.609,0.56
402,RAMNAGARA, 1.RAMANAGARA, 2012-13,Whole Year ,2.0,21.0,10.5,0.402,0.365,0.462,0.395,0.485,0.4970000000000001,0.591,0.65,0.523
403,RAMNAGARA, 1.RAMANAGARA, 2013-14,Whole Year ,4.0,35.0,8.75,0.4370000000000001,0.414,0.415,0.426,0.506,0.6859999999999999,0.6629999999999999,0.638,0.525
404,RAMNAGARA, 1.RAMANAGARA, 2014-15,Whole Year ,18.0,162.0,9.0,0.458,0.398,0.481,0.452,0.478,0.545,0.718,0.6859999999999999,0.5660000000000001
405,RAMNAGARA, 1.RAMANAGARA, 2015-16,Whole Year ,2.0,15.0,7.5,0.51,0.435,0.633,0.536,0.55,0.6829999999999999,0.71,0.696,0.675
406,RAMNAGARA, 1.RAMANAGARA, 2016-17,Whole Year ,2.0,12.0,6.0,0.474,0.409,0.4970000000000001,0.53,0.535,0.5539999999999999,0.5770000000000001,0.537,0.488
407,RAMNAGARA, 1.RAMANAGARA, 2017-18,Whole Year ,6.0,50.0,8.33333333333333,0.483,0.431,0.55,0.503,0.488,0.6920000000000001,0.732,0.675,0.589
408,RAMNAGARA, 1.RAMANAGARA, 2018-19,Whole Year ,74.0,983.0,13.2837837837838,0.46,0.429,0.608,0.509,0.517,0.653,0.6920000000000001,0.635,0.531
409,RAMNAGARA, 1.RAMANAGARA, 2018-19,Whole Year ,1.0,1.0,1.0,0.46,0.429,0.608,0.509,0.517,0.653,0.6920000000000001,0.635,0.531
410,RAMNAGARA, 1.RAMANAGARA, 2008-09,Whole Year ,16.0,76.0,4.75,0.468,0.392,0.482,0.431,0.451,0.629,0.675,0.64,0.588
411,RAMNAGARA, 1.RAMANAGARA, 2009-10,Whole Year ,87.0,438.0,5.03448275862069,0.465,0.388,0.5529999999999999,0.488,0.486,0.621,0.6729999999999999,0.609,0.5329999999999999
412,RAMNAGARA, 1.RAMANAGARA, 2010-11,Whole Year ,1.0,5.0,5.0,0.507,0.418,0.534,0.449,0.526,0.643,0.71,0.67,0.616
413,RAMNAGARA, 1.RAMANAGARA, 2011-12,Whole Year ,6.0,30.0,5.0,0.458,0.384,0.578,0.488,0.486,0.621,0.6729999999999999,0.609,0.56
414,RAMNAGARA, 1.RAMANAGARA, 2012-13,Whole Year ,8.0,38.0,4.75,0.402,0.365,0.462,0.395,0.485,0.4970000000000001,0.591,0.65,0.523
415,RAMNAGARA, 1.RAMANAGARA, 2013-14,Whole Year ,21.0,100.0,4.76190476190476,0.4370000000000001,0.414,0.415,0.426,0.506,0.6859999999999999,0.6629999999999999,0.638,0.525
416,RAMNAGARA, 1.RAMANAGARA, 2014-15,Whole Year ,21.0,126.0,6.0,0.458,0.398,0.481,0.452,0.478,0.545,0.718,0.6859999999999999,0.5660000000000001
417,RAMNAGARA, 1.RAMANAGARA, 2015-16,Whole Year ,1.0,5.0,5.0,0.51,0.435,0.633,0.536,0.55,0.6829999999999999,0.71,0.696,0.675
418,RAMNAGARA, 1.RAMANAGARA, 2016-17,Whole Year ,8.0,47.0,5.875,0.474,0.409,0.4970000000000001,0.53,0.535,0.5539999999999999,0.5770000000000001,0.537,0.488
419,RAMNAGARA, 1.RAMANAGARA, 2017-18,Whole Year ,2.0,13.0,6.5,0.483,0.431,0.55,0.503,0.488,0.6920000000000001,0.732,0.675,0.589
420,RAMNAGARA, 1.RAMANAGARA, 2018-19,Whole Year ,11.0,64.0,5.81818181818182,0.46,0.429,0.608,0.509,0.517,0.653,0.6920000000000001,0.635,0.531
421,RAMNAGARA, 1.RAMANAGARA, 2008-09,Kharif     ,75.0,20.0,0.266666666666667,0.468,0.392,0.482,0.431,0.451,0.629,0.675,0.64,0.588
422,RAMNAGARA, 1.RAMANAGARA, 2009-10,Kharif     ,72.0,6.0,0.0833333333333333,0.465,0.388,0.5529999999999999,0.488,0.486,0.621,0.6729999999999999,0.609,0.5329999999999999
423,RAMNAGARA, 1.RAMANAGARA, 2010-11,Kharif     ,8.0,3.0,0.375,0.507,0.418,0.534,0.449,0.526,0.643,0.71,0.67,0.616
424,RAMNAGARA, 1.RAMANAGARA, 2011-12,Kharif     ,61.0,22.0,0.36065573770491793,0.458,0.384,0.578,0.488,0.486,0.621,0.6729999999999999,0.609,0.56
425,RAMNAGARA, 1.RAMANAGARA, 2012-13,Kharif     ,24.0,12.0,0.5,0.402,0.365,0.462,0.395,0.485,0.4970000000000001,0.591,0.65,0.523
426,RAMNAGARA, 1.RAMANAGARA, 2013-14,Kharif     ,116.0,56.0,0.482758620689655,0.4370000000000001,0.414,0.415,0.426,0.506,0.6859999999999999,0.6629999999999999,0.638,0.525
427,RAMNAGARA, 1.RAMANAGARA, 2014-15,Kharif     ,20.0,6.0,0.3,0.458,0.398,0.481,0.452,0.478,0.545,0.718,0.6859999999999999,0.5660000000000001
428,RAMNAGARA, 1.RAMANAGARA, 2015-16,Kharif     ,1.0,,0.0,0.51,0.435,0.633,0.536,0.55,0.6829999999999999,0.71,0.696,0.675
429,RAMNAGARA, 1.RAMANAGARA, 2016-17,Kharif     ,1.0,,0.0,0.474,0.409,0.4970000000000001,0.53,0.535,0.5539999999999999,0.5770000000000001,0.537,0.488
430,RAMNAGARA, 1.RAMANAGARA, 2017-18,Kharif     ,10.0,5.0,0.5,0.483,0.431,0.55,0.503,0.488,0.6920000000000001,0.732,0.675,0.589
431,RAMNAGARA, 1.RAMANAGARA, 2018-19,Kharif     ,6.0,3.0,0.5,0.46,0.429,0.608,0.509,0.517,0.653,0.6920000000000001,0.635,0.531
